"file","line","kind","text","context"
"src/features/ask/AskWorkspace.tsx","3","StringLiteral","react","See state mapping in ask-product-content-review.md"
"src/features/ask/AskWorkspace.tsx","4","StringLiteral","./contracts","See state mapping in ask-product-content-review.md"
"src/features/ask/AskWorkspace.tsx","5","StringLiteral","./help","See state mapping in ask-product-content-review.md"
"src/features/ask/AskWorkspace.tsx","6","StringLiteral","./deadline","See state mapping in ask-product-content-review.md"
"src/features/ask/AskWorkspace.tsx","7","StringLiteral","./ask-workspace.module.css","See state mapping in ask-product-content-review.md"
"src/features/ask/AskWorkspace.tsx","8","StringLiteral","./ask-integration.module.css","See state mapping in ask-product-content-review.md"
"src/features/ask/AskWorkspace.tsx","10","StringLiteral","pending","See state mapping in ask-product-content-review.md"
"src/features/ask/AskWorkspace.tsx","10","StringLiteral","answered","See state mapping in ask-product-content-review.md"
"src/features/ask/AskWorkspace.tsx","10","StringLiteral","error","See state mapping in ask-product-content-review.md"
"src/features/ask/AskWorkspace.tsx","10","StringLiteral","stopped","See state mapping in ask-product-content-review.md"
"src/features/ask/AskWorkspace.tsx","13","StringLiteral","send","See state mapping in ask-product-content-review.md"
"src/features/ask/AskWorkspace.tsx","13","StringLiteral","close","See state mapping in ask-product-content-review.md"
"src/features/ask/AskWorkspace.tsx","13","StringLiteral","stop","See state mapping in ask-product-content-review.md"
"src/features/ask/AskWorkspace.tsx","13","StringLiteral","chat","See state mapping in ask-product-content-review.md"
"src/features/ask/AskWorkspace.tsx","14","StringLiteral","22","See state mapping in ask-product-content-review.md"
"src/features/ask/AskWorkspace.tsx","14","StringLiteral","22","See state mapping in ask-product-content-review.md"
"src/features/ask/AskWorkspace.tsx","14","StringLiteral","0 0 24 24","See state mapping in ask-product-content-review.md"
"src/features/ask/AskWorkspace.tsx","14","StringLiteral","none","See state mapping in ask-product-content-review.md"
"src/features/ask/AskWorkspace.tsx","14","StringLiteral","currentColor","See state mapping in ask-product-content-review.md"
"src/features/ask/AskWorkspace.tsx","14","StringLiteral","2.3","See state mapping in ask-product-content-review.md"
"src/features/ask/AskWorkspace.tsx","14","StringLiteral","round","See state mapping in ask-product-content-review.md"
"src/features/ask/AskWorkspace.tsx","14","StringLiteral","round","See state mapping in ask-product-content-review.md"
"src/features/ask/AskWorkspace.tsx","14","StringLiteral","true","See state mapping in ask-product-content-review.md"
"src/features/ask/AskWorkspace.tsx","15","StringLiteral","chat","See state mapping in ask-product-content-review.md"
"src/features/ask/AskWorkspace.tsx","15","StringLiteral","M20 11.5a7.5 7.5 0 0 1-7.5 7.5H9l-5 3v-5a7.5 7.5 0 1 1 16-5.5Z","See state mapping in ask-product-content-review.md"
"src/features/ask/AskWorkspace.tsx","15","StringLiteral","M8 10h8M8 14h5","See state mapping in ask-product-content-review.md"
"src/features/ask/AskWorkspace.tsx","15","StringLiteral","send","See state mapping in ask-product-content-review.md"
"src/features/ask/AskWorkspace.tsx","15","StringLiteral","M12 20V4m-7 7 7-7 7 7","See state mapping in ask-product-content-review.md"
"src/features/ask/AskWorkspace.tsx","15","StringLiteral","close","See state mapping in ask-product-content-review.md"
"src/features/ask/AskWorkspace.tsx","15","StringLiteral","m7 7 10 10M17 7 7 17","See state mapping in ask-product-content-review.md"
"src/features/ask/AskWorkspace.tsx","15","StringLiteral","7","See state mapping in ask-product-content-review.md"
"src/features/ask/AskWorkspace.tsx","15","StringLiteral","7","See state mapping in ask-product-content-review.md"
"src/features/ask/AskWorkspace.tsx","15","StringLiteral","10","See state mapping in ask-product-content-review.md"
"src/features/ask/AskWorkspace.tsx","15","StringLiteral","10","See state mapping in ask-product-content-review.md"
"src/features/ask/AskWorkspace.tsx","15","StringLiteral","1","See state mapping in ask-product-content-review.md"
"src/features/ask/AskWorkspace.tsx","15","StringLiteral","currentColor","See state mapping in ask-product-content-review.md"
"src/features/ask/AskWorkspace.tsx","15","StringLiteral","none","See state mapping in ask-product-content-review.md"
"src/features/ask/AskWorkspace.tsx","25","StringLiteral","button","See state mapping in ask-product-content-review.md"
"src/features/ask/AskWorkspace.tsx","25","StringLiteral","true","See state mapping in ask-product-content-review.md"
"src/features/ask/AskWorkspace.tsx","25","JsxText","↗","See state mapping in ask-product-content-review.md"
"src/features/ask/AskWorkspace.tsx","30","StringLiteral","vi","See state mapping in ask-product-content-review.md"
"src/features/ask/AskWorkspace.tsx","33","StringLiteral","pending","See state mapping in ask-product-content-review.md"
"src/features/ask/AskWorkspace.tsx","33","StringLiteral","status","See state mapping in ask-product-content-review.md"
"src/features/ask/AskWorkspace.tsx","33","StringLiteral","true","See state mapping in ask-product-content-review.md"
"src/features/ask/AskWorkspace.tsx","33","JsxText","HL","See state mapping in ask-product-content-review.md"
"src/features/ask/AskWorkspace.tsx","33","StringLiteral","Đang tìm hướng dẫn…","See state mapping in ask-product-content-review.md"
"src/features/ask/AskWorkspace.tsx","33","StringLiteral","Finding guidance…","See state mapping in ask-product-content-review.md"
"src/features/ask/AskWorkspace.tsx","33","StringLiteral","error","See state mapping in ask-product-content-review.md"
"src/features/ask/AskWorkspace.tsx","33","StringLiteral","alert","See state mapping in ask-product-content-review.md"
"src/features/ask/AskWorkspace.tsx","33","StringLiteral","status","See state mapping in ask-product-content-review.md"
"src/features/ask/AskWorkspace.tsx","34","StringLiteral","stopped","See state mapping in ask-product-content-review.md"
"src/features/ask/AskWorkspace.tsx","34","StringLiteral","Đã dừng câu trả lời.","See state mapping in ask-product-content-review.md"
"src/features/ask/AskWorkspace.tsx","34","StringLiteral","Response stopped.","See state mapping in ask-product-content-review.md"
"src/features/ask/AskWorkspace.tsx","34","StringLiteral","Chưa thể trả lời lúc này. Câu hỏi của bạn vẫn được giữ lại.","See state mapping in ask-product-content-review.md"
"src/features/ask/AskWorkspace.tsx","34","StringLiteral","We couldn’t answer just now. Your question is still here.","See state mapping in ask-product-content-review.md"
"src/features/ask/AskWorkspace.tsx","35","StringLiteral","button","See state mapping in ask-product-content-review.md"
"src/features/ask/AskWorkspace.tsx","35","StringLiteral","Thử lại","See state mapping in ask-product-content-review.md"
"src/features/ask/AskWorkspace.tsx","35","StringLiteral","Try again","See state mapping in ask-product-content-review.md"
"src/features/ask/AskWorkspace.tsx","54","StringLiteral","en","See state mapping in ask-product-content-review.md"
"src/features/ask/AskWorkspace.tsx","76","StringLiteral","(prefers-reduced-motion: reduce)","See state mapping in ask-product-content-review.md"
"src/features/ask/AskWorkspace.tsx","77","StringLiteral","form","See state mapping in ask-product-content-review.md"
"src/features/ask/AskWorkspace.tsx","81","StringLiteral","inset(0px 0px 0px 0px round 28px)","See state mapping in ask-product-content-review.md"
"src/features/ask/AskWorkspace.tsx","81","StringLiteral","translateY(0)","See state mapping in ask-product-content-review.md"
"src/features/ask/AskWorkspace.tsx","81","StringLiteral","cubic-bezier(.22,1,.36,1)","See state mapping in ask-product-content-review.md"
"src/features/ask/AskWorkspace.tsx","85","StringLiteral","hidden","See state mapping in ask-product-content-review.md"
"src/features/ask/AskWorkspace.tsx","99","StringLiteral","wheel","See state mapping in ask-product-content-review.md"
"src/features/ask/AskWorkspace.tsx","100","StringLiteral","touchstart","See state mapping in ask-product-content-review.md"
"src/features/ask/AskWorkspace.tsx","101","StringLiteral","pointerdown","See state mapping in ask-product-content-review.md"
"src/features/ask/AskWorkspace.tsx","108","StringLiteral","(prefers-reduced-motion: reduce)","See state mapping in ask-product-content-review.md"
"src/features/ask/AskWorkspace.tsx","109","StringLiteral","instant","See state mapping in ask-product-content-review.md"
"src/features/ask/AskWorkspace.tsx","117","StringLiteral","instant","See state mapping in ask-product-content-review.md"
"src/features/ask/AskWorkspace.tsx","124","StringLiteral","wheel","See state mapping in ask-product-content-review.md"
"src/features/ask/AskWorkspace.tsx","125","StringLiteral","touchstart","See state mapping in ask-product-content-review.md"
"src/features/ask/AskWorkspace.tsx","126","StringLiteral","pointerdown","See state mapping in ask-product-content-review.md"
"src/features/ask/AskWorkspace.tsx","139","StringLiteral","(prefers-reduced-motion: reduce)","See state mapping in ask-product-content-review.md"
"src/features/ask/AskWorkspace.tsx","144","StringLiteral","visible","See state mapping in ask-product-content-review.md"
"src/features/ask/AskWorkspace.tsx","161","StringLiteral","pending","See state mapping in ask-product-content-review.md"
"src/features/ask/AskWorkspace.tsx","161","StringLiteral","stopped","See state mapping in ask-product-content-review.md"
"src/features/ask/AskWorkspace.tsx","173","StringLiteral","none","See state mapping in ask-product-content-review.md"
"src/features/ask/AskWorkspace.tsx","173","StringLiteral","inset(0px 0px 0px 0px round 28px)","See state mapping in ask-product-content-review.md"
"src/features/ask/AskWorkspace.tsx","174","StringLiteral","none","See state mapping in ask-product-content-review.md"
"src/features/ask/AskWorkspace.tsx","176","StringLiteral","(prefers-reduced-motion: reduce)","See state mapping in ask-product-content-review.md"
"src/features/ask/AskWorkspace.tsx","177","StringLiteral","form","See state mapping in ask-product-content-review.md"
"src/features/ask/AskWorkspace.tsx","181","StringLiteral","inset(0px 0px 0px 0px round 28px)","See state mapping in ask-product-content-review.md"
"src/features/ask/AskWorkspace.tsx","181","StringLiteral","cubic-bezier(.22,1,.36,1)","See state mapping in ask-product-content-review.md"
"src/features/ask/AskWorkspace.tsx","181","StringLiteral","forwards","See state mapping in ask-product-content-review.md"
"src/features/ask/AskWorkspace.tsx","194","StringLiteral","(prefers-reduced-motion: reduce)","See state mapping in ask-product-content-review.md"
"src/features/ask/AskWorkspace.tsx","201","StringLiteral","form","See state mapping in ask-product-content-review.md"
"src/features/ask/AskWorkspace.tsx","203","StringLiteral","translate(-50%, 0) scale(1)","See state mapping in ask-product-content-review.md"
"src/features/ask/AskWorkspace.tsx","203","StringLiteral","cubic-bezier(.22,1,.36,1)","See state mapping in ask-product-content-review.md"
"src/features/ask/AskWorkspace.tsx","203","StringLiteral","forwards","See state mapping in ask-product-content-review.md"
"src/features/ask/AskWorkspace.tsx","216","StringLiteral","answered","See state mapping in ask-product-content-review.md"
"src/features/ask/AskWorkspace.tsx","217","StringLiteral","pending","See state mapping in ask-product-content-review.md"
"src/features/ask/AskWorkspace.tsx","224","StringLiteral","answered","See state mapping in ask-product-content-review.md"
"src/features/ask/AskWorkspace.tsx","227","StringLiteral","error","See state mapping in ask-product-content-review.md"
"src/features/ask/AskWorkspace.tsx","247","StringLiteral","vi","See state mapping in ask-product-content-review.md"
"src/features/ask/AskWorkspace.tsx","248","StringLiteral","Kết nối coding client thế nào?","See state mapping in ask-product-content-review.md"
"src/features/ask/AskWorkspace.tsx","248","StringLiteral","Tìm việc sẵn sàng ở đâu?","See state mapping in ask-product-content-review.md"
"src/features/ask/AskWorkspace.tsx","248","StringLiteral","Đọc roadmap thế nào?","See state mapping in ask-product-content-review.md"
"src/features/ask/AskWorkspace.tsx","248","StringLiteral","How do I connect my coding client?","See state mapping in ask-product-content-review.md"
"src/features/ask/AskWorkspace.tsx","248","StringLiteral","Where is eligible work?","See state mapping in ask-product-content-review.md"
"src/features/ask/AskWorkspace.tsx","248","StringLiteral","How do I read the roadmap?","See state mapping in ask-product-content-review.md"
"src/features/ask/AskWorkspace.tsx","250","StringLiteral","button","See state mapping in ask-product-content-review.md"
"src/features/ask/AskWorkspace.tsx","252","StringLiteral","Ask Workspace","See state mapping in ask-product-content-review.md"
"src/features/ask/AskWorkspace.tsx","252","StringLiteral","Ask anything...","See state mapping in ask-product-content-review.md"
"src/features/ask/AskWorkspace.tsx","252","StringLiteral","Enter","See state mapping in ask-product-content-review.md"
"src/features/ask/AskWorkspace.tsx","253","StringLiteral","submit","See state mapping in ask-product-content-review.md"
"src/features/ask/AskWorkspace.tsx","253","StringLiteral","Stop response","See state mapping in ask-product-content-review.md"
"src/features/ask/AskWorkspace.tsx","253","StringLiteral","Send question","See state mapping in ask-product-content-review.md"
"src/features/ask/AskWorkspace.tsx","253","StringLiteral","Stop response","See state mapping in ask-product-content-review.md"
"src/features/ask/AskWorkspace.tsx","253","StringLiteral","Send question","See state mapping in ask-product-content-review.md"
"src/features/ask/AskWorkspace.tsx","253","StringLiteral","stop","See state mapping in ask-product-content-review.md"
"src/features/ask/AskWorkspace.tsx","253","StringLiteral","send","See state mapping in ask-product-content-review.md"
"src/features/ask/AskWorkspace.tsx","254","StringLiteral","button","See state mapping in ask-product-content-review.md"
"src/features/ask/AskWorkspace.tsx","254","StringLiteral","Close conversation","See state mapping in ask-product-content-review.md"
"src/features/ask/AskWorkspace.tsx","254","StringLiteral","Hide Ask Workspace","See state mapping in ask-product-content-review.md"
"src/features/ask/AskWorkspace.tsx","254","StringLiteral","Close conversation","See state mapping in ask-product-content-review.md"
"src/features/ask/AskWorkspace.tsx","254","StringLiteral","Hide Ask Workspace","See state mapping in ask-product-content-review.md"
"src/features/ask/AskWorkspace.tsx","254","StringLiteral","close","See state mapping in ask-product-content-review.md"
"src/features/ask/AskWorkspace.tsx","256","StringLiteral","Hướng dẫn Workspace có sẵn. AI chưa được kết nối.","See state mapping in ask-product-content-review.md"
"src/features/ask/AskWorkspace.tsx","256","StringLiteral","Workspace guidance is available. AI is not connected.","See state mapping in ask-product-content-review.md"
"src/features/ask/AskWorkspace.tsx","256","StringLiteral","button","See state mapping in ask-product-content-review.md"
"src/features/ask/AskWorkspace.tsx","256","StringLiteral","Quyền riêng tư","See state mapping in ask-product-content-review.md"
"src/features/ask/AskWorkspace.tsx","256","StringLiteral","Privacy","See state mapping in ask-product-content-review.md"
"src/features/ask/AskWorkspace.tsx","257","StringLiteral","status","See state mapping in ask-product-content-review.md"
"src/features/ask/AskWorkspace.tsx","257","StringLiteral","Hội thoại chỉ ở trong bộ nhớ của trang này. Đóng rồi mở lại vẫn giữ hội thoại; tải lại trang, đổi tài khoản hoặc project sẽ xóa. Không gửi câu hỏi tới AI hay bên thứ ba.","See state mapping in ask-product-content-review.md"
"src/features/ask/AskWorkspace.tsx","257","StringLiteral","Conversation stays in this page’s memory. Close and reopen keeps it; reload, account or project changes clear it. Questions are not sent to AI or third parties.","See state mapping in ask-product-content-review.md"
"src/features/ask/AskWorkspace.tsx","262","StringLiteral","true","See state mapping in ask-product-content-review.md"
"src/features/ask/AskWorkspace.tsx","263","StringLiteral","button","See state mapping in ask-product-content-review.md"
"src/features/ask/AskWorkspace.tsx","263","StringLiteral","Hỏi Workspace","See state mapping in ask-product-content-review.md"
"src/features/ask/AskWorkspace.tsx","263","StringLiteral","Ask Workspace","See state mapping in ask-product-content-review.md"
"src/features/ask/AskWorkspace.tsx","263","StringLiteral","Ask Anything","See state mapping in ask-product-content-review.md"
"src/features/ask/AskWorkspace.tsx","263","StringLiteral","chat","See state mapping in ask-product-content-review.md"
"src/features/ask/AskWorkspace.tsx","263","StringLiteral","true","See state mapping in ask-product-content-review.md"
"src/features/ask/AskWorkspace.tsx","263","StringLiteral","Ask Anything","See state mapping in ask-product-content-review.md"
"src/features/ask/AskWorkspace.tsx","264","StringLiteral","Ask Workspace","See state mapping in ask-product-content-review.md"
"src/features/ask/AskWorkspace.tsx","264","StringLiteral","button","See state mapping in ask-product-content-review.md"
"src/features/ask/AskWorkspace.tsx","264","StringLiteral","Tiếp tục hội thoại","See state mapping in ask-product-content-review.md"
"src/features/ask/AskWorkspace.tsx","264","StringLiteral","Continue conversation","See state mapping in ask-product-content-review.md"
"src/features/ask/AskWorkspace.tsx","266","JsxText","Hunpeo","See state mapping in ask-product-content-review.md"
"src/features/ask/AskWorkspace.tsx","266","JsxText","Labs","See state mapping in ask-product-content-review.md"
"src/features/ask/AskWorkspace.tsx","266","StringLiteral","Hỏi Workspace","See state mapping in ask-product-content-review.md"
"src/features/ask/AskWorkspace.tsx","266","StringLiteral","Ask Workspace","See state mapping in ask-product-content-review.md"
"src/features/ask/AskWorkspace.tsx","267","StringLiteral","log","See state mapping in ask-product-content-review.md"
"src/features/ask/AskWorkspace.tsx","267","StringLiteral","Conversation with Workspace","See state mapping in ask-product-content-review.md"
"src/features/ask/help.ts","1","StringLiteral","./contracts","See state mapping in ask-product-content-review.md"
"src/features/ask/help.ts","3","StringLiteral","vi","See state mapping in ask-product-content-review.md"
"src/features/ask/help.ts","7","StringLiteral","Connect agent","See state mapping in ask-product-content-review.md"
"src/features/ask/help.ts","7","StringLiteral","Connect your coding client","See state mapping in ask-product-content-review.md"
"src/features/ask/help.ts","7","StringLiteral","Create a project-scoped connection in Connect agent. You choose whether it can claim work, checkpoint and submit. Read the context-transfer notice before creating a grant.","See state mapping in ask-product-content-review.md"
"src/features/ask/help.ts","7","StringLiteral","Open Connect agent","See state mapping in ask-product-content-review.md"
"src/features/ask/help.ts","7","StringLiteral","Kết nối coding client","See state mapping in ask-product-content-review.md"
"src/features/ask/help.ts","7","StringLiteral","Tạo kết nối giới hạn trong project ở Connect agent. Bạn chọn quyền nhận việc, ghi checkpoint và nộp kết quả. Đọc thông báo chuyển ngữ cảnh trước khi tạo quyền truy cập.","See state mapping in ask-product-content-review.md"
"src/features/ask/help.ts","7","StringLiteral","Mở Connect agent","See state mapping in ask-product-content-review.md"
"src/features/ask/help.ts","8","StringLiteral","Ready work","See state mapping in ask-product-content-review.md"
"src/features/ask/help.ts","8","StringLiteral","Find eligible work","See state mapping in ask-product-content-review.md"
"src/features/ask/help.ts","8","StringLiteral","Check eligible work to see the evaluated items and missing prerequisites. This check does not reserve work. An external coding client must claim it through MCP.","See state mapping in ask-product-content-review.md"
"src/features/ask/help.ts","8","StringLiteral","Open Ready work","See state mapping in ask-product-content-review.md"
"src/features/ask/help.ts","8","StringLiteral","Tìm việc đủ điều kiện","See state mapping in ask-product-content-review.md"
"src/features/ask/help.ts","8","StringLiteral","Check eligible work hiển thị các việc đã được đánh giá và điều kiện còn thiếu. Thao tác này chưa giữ việc. Coding client bên ngoài phải nhận việc qua MCP.","See state mapping in ask-product-content-review.md"
"src/features/ask/help.ts","8","StringLiteral","Mở Ready work","See state mapping in ask-product-content-review.md"
"src/features/ask/help.ts","9","StringLiteral","Work","See state mapping in ask-product-content-review.md"
"src/features/ask/help.ts","9","StringLiteral","Approve an implementation contract","See state mapping in ask-product-content-review.md"
"src/features/ask/help.ts","9","StringLiteral","Open a work item and its Contract tab. Publish a contract with the required approved document revisions. Another authorized reviewer must approve it before execution.","See state mapping in ask-product-content-review.md"
"src/features/ask/help.ts","9","StringLiteral","Open Work","See state mapping in ask-product-content-review.md"
"src/features/ask/help.ts","9","StringLiteral","Phê duyệt hợp đồng triển khai","See state mapping in ask-product-content-review.md"
"src/features/ask/help.ts","9","StringLiteral","Mở một work item và tab Contract. Xuất bản hợp đồng kèm các phiên bản tài liệu đã được phê duyệt. Một người có quyền khác phải phê duyệt trước khi thực thi.","See state mapping in ask-product-content-review.md"
"src/features/ask/help.ts","9","StringLiteral","Mở Work","See state mapping in ask-product-content-review.md"
"src/features/ask/help.ts","10","StringLiteral","Knowledge","See state mapping in ask-product-content-review.md"
"src/features/ask/help.ts","10","StringLiteral","Keep approved context together","See state mapping in ask-product-content-review.md"
"src/features/ask/help.ts","10","StringLiteral","Saving a document creates an immutable draft revision. Another authorized reviewer approves that revision. Published contracts pin exact approved revisions; editing a draft does not replace them.","See state mapping in ask-product-content-review.md"
"src/features/ask/help.ts","10","StringLiteral","Open Knowledge","See state mapping in ask-product-content-review.md"
"src/features/ask/help.ts","10","StringLiteral","Giữ ngữ cảnh đã phê duyệt","See state mapping in ask-product-content-review.md"
"src/features/ask/help.ts","10","StringLiteral","Lưu tài liệu tạo một phiên bản nháp bất biến. Một người có quyền khác phê duyệt phiên bản đó. Hợp đồng đã xuất bản ghim đúng phiên bản đã phê duyệt; sửa nháp không thay thế chúng.","See state mapping in ask-product-content-review.md"
"src/features/ask/help.ts","10","StringLiteral","Mở Knowledge","See state mapping in ask-product-content-review.md"
"src/features/ask/help.ts","11","StringLiteral","Roadmap","See state mapping in ask-product-content-review.md"
"src/features/ask/help.ts","11","StringLiteral","Read the delivery roadmap","See state mapping in ask-product-content-review.md"
"src/features/ask/help.ts","11","StringLiteral","The roadmap shows the current plan, published baseline and human-accepted completion. Edit planned dates in the work item inspector. Publishing a new baseline does not rewrite an earlier commitment.","See state mapping in ask-product-content-review.md"
"src/features/ask/help.ts","11","StringLiteral","Open Roadmap","See state mapping in ask-product-content-review.md"
"src/features/ask/help.ts","11","StringLiteral","Đọc lộ trình bàn giao","See state mapping in ask-product-content-review.md"
"src/features/ask/help.ts","11","StringLiteral","Roadmap hiển thị kế hoạch hiện tại, baseline đã xuất bản và mốc hoàn tất được người duyệt chấp nhận. Sửa ngày dự kiến trong chi tiết work item. Baseline mới không ghi đè cam kết trước.","See state mapping in ask-product-content-review.md"
"src/features/ask/help.ts","11","StringLiteral","Mở Roadmap","See state mapping in ask-product-content-review.md"
"src/features/ask/help.ts","12","StringLiteral","Reviews","See state mapping in ask-product-content-review.md"
"src/features/ask/help.ts","12","StringLiteral","Review delivery evidence","See state mapping in ask-product-content-review.md"
"src/features/ask/help.ts","12","StringLiteral","Submissions wait in Reviews. Compare the exact contract, commit and acceptance-criterion evidence before recording a human decision. Reported evidence is separate from provider verification.","See state mapping in ask-product-content-review.md"
"src/features/ask/help.ts","12","StringLiteral","Open Reviews","See state mapping in ask-product-content-review.md"
"src/features/ask/help.ts","12","StringLiteral","Duyệt bằng chứng bàn giao","See state mapping in ask-product-content-review.md"
"src/features/ask/help.ts","12","StringLiteral","Kết quả được nộp chờ ở Reviews. Đối chiếu đúng hợp đồng, commit và bằng chứng cho từng tiêu chí trước khi ghi quyết định. Bằng chứng tự báo cáo khác với xác minh từ provider.","See state mapping in ask-product-content-review.md"
"src/features/ask/help.ts","12","StringLiteral","Mở Reviews","See state mapping in ask-product-content-review.md"
"src/features/ask/help.ts","15","StringLiteral","INTERRUPTED","See state mapping in ask-product-content-review.md"
"src/features/ask/help.ts","22","StringLiteral","help","See state mapping in ask-product-content-review.md"
"src/features/ask/help.ts","24","StringLiteral","vi","See state mapping in ask-product-content-review.md"
"src/features/ask/help.ts","24","StringLiteral","Chưa có câu trả lời cho yêu cầu này","See state mapping in ask-product-content-review.md"
"src/features/ask/help.ts","24","StringLiteral","No answer for this request yet","See state mapping in ask-product-content-review.md"
"src/features/ask/help.ts","24","StringLiteral","vi","See state mapping in ask-product-content-review.md"
"src/features/ask/help.ts","24","StringLiteral","Ask hiện chỉ có hướng dẫn sử dụng Workspace. AI chưa được kết nối nên không thể phân tích project hoặc thực hiện yêu cầu này.","See state mapping in ask-product-content-review.md"
"src/features/ask/help.ts","24","StringLiteral","Ask currently provides Workspace usage guidance. AI is not connected, so it cannot analyze your project or carry out this request.","See state mapping in ask-product-content-review.md"
"src/features/ask/help.ts","24","StringLiteral","unavailable","See state mapping in ask-product-content-review.md"
