"file","line","literal","coverage"
"src/app/main.tsx","1","../features/roadmap/PlaneRoadmap","SOURCE INVENTORY; current-context tested subset in product-content-review.md"
"src/app/main.tsx","2","react","SOURCE INVENTORY; current-context tested subset in product-content-review.md"
"src/app/main.tsx","3","react-dom/client","SOURCE INVENTORY; current-context tested subset in product-content-review.md"
"src/app/main.tsx","4","firebase/auth","SOURCE INVENTORY; current-context tested subset in product-content-review.md"
"src/app/main.tsx","5","../lib/firebase/client","SOURCE INVENTORY; current-context tested subset in product-content-review.md"
"src/app/main.tsx","6","../domain/view","SOURCE INVENTORY; current-context tested subset in product-content-review.md"
"src/app/main.tsx","7","../components/Fields","SOURCE INVENTORY; current-context tested subset in product-content-review.md"
"src/app/main.tsx","8","../styles/app.css","SOURCE INVENTORY; current-context tested subset in product-content-review.md"
"src/app/main.tsx","9","HunpeoLabs Workspace","SOURCE INVENTORY; current-context tested subset in product-content-review.md"
"src/app/main.tsx","10","Roadmap","SOURCE INVENTORY; current-context tested subset in product-content-review.md"
"src/app/main.tsx","10","Work","SOURCE INVENTORY; current-context tested subset in product-content-review.md"
"src/app/main.tsx","10","Knowledge","SOURCE INVENTORY; current-context tested subset in product-content-review.md"
"src/app/main.tsx","10","Ready work","SOURCE INVENTORY; current-context tested subset in product-content-review.md"
"src/app/main.tsx","10","Decisions","SOURCE INVENTORY; current-context tested subset in product-content-review.md"
"src/app/main.tsx","10","Reviews","SOURCE INVENTORY; current-context tested subset in product-content-review.md"
"src/app/main.tsx","10","Reports","SOURCE INVENTORY; current-context tested subset in product-content-review.md"
"src/app/main.tsx","10","Releases","SOURCE INVENTORY; current-context tested subset in product-content-review.md"
"src/app/main.tsx","10","Connect agent","SOURCE INVENTORY; current-context tested subset in product-content-review.md"
"src/app/main.tsx","12","en-US","SOURCE INVENTORY; current-context tested subset in product-content-review.md"
"src/app/main.tsx","15","author@example.test","SOURCE INVENTORY; current-context tested subset in product-content-review.md"
"src/app/main.tsx","15","Synthetic-only-2026!","SOURCE INVENTORY; current-context tested subset in product-content-review.md"
"src/app/main.tsx","17","Roadmap","SOURCE INVENTORY; current-context tested subset in product-content-review.md"
"src/app/main.tsx","18","task","SOURCE INVENTORY; current-context tested subset in product-content-review.md"
"src/app/main.tsx","19","Overview","SOURCE INVENTORY; current-context tested subset in product-content-review.md"
"src/app/main.tsx","22","https://github.com/example/customer-portal","SOURCE INVENTORY; current-context tested subset in product-content-review.md"
"src/app/main.tsx","23","dialog","SOURCE INVENTORY; current-context tested subset in product-content-review.md"
"src/app/main.tsx","26","task","SOURCE INVENTORY; current-context tested subset in product-content-review.md"
"src/app/main.tsx","28","Roadmap","SOURCE INVENTORY; current-context tested subset in product-content-review.md"
"src/app/main.tsx","30","list_projects","SOURCE INVENTORY; current-context tested subset in product-content-review.md"
"src/app/main.tsx","32","get_project_status","SOURCE INVENTORY; current-context tested subset in product-content-review.md"
"src/app/main.tsx","32","get_work_state","SOURCE INVENTORY; current-context tested subset in product-content-review.md"
"src/app/main.tsx","34","get_work_state","SOURCE INVENTORY; current-context tested subset in product-content-review.md"
"src/app/main.tsx","34","task","SOURCE INVENTORY; current-context tested subset in product-content-review.md"
"src/app/main.tsx","34","task","SOURCE INVENTORY; current-context tested subset in product-content-review.md"
"src/app/main.tsx","35","Changes saved","SOURCE INVENTORY; current-context tested subset in product-content-review.md"
"src/app/main.tsx","37","Overview","SOURCE INVENTORY; current-context tested subset in product-content-review.md"
"src/app/main.tsx","38","admin","SOURCE INVENTORY; current-context tested subset in product-content-review.md"
"src/app/main.tsx","38","manager","SOURCE INVENTORY; current-context tested subset in product-content-review.md"
"src/app/main.tsx","38","viewer","SOURCE INVENTORY; current-context tested subset in product-content-review.md"
"src/app/main.tsx","39","`${t.title} ${t.key}`","SOURCE INVENTORY; current-context tested subset in product-content-review.md"
"src/app/main.tsx","41","get_document_revision","SOURCE INVENTORY; current-context tested subset in product-content-review.md"
"src/app/main.tsx","42","login","SOURCE INVENTORY; current-context tested subset in product-content-review.md"
"src/app/main.tsx","42","status","SOURCE INVENTORY; current-context tested subset in product-content-review.md"
"src/app/main.tsx","42","Loading sign-in","SOURCE INVENTORY; current-context tested subset in product-content-review.md"
"src/app/main.tsx","43","login","SOURCE INVENTORY; current-context tested subset in product-content-review.md"
"src/app/main.tsx","43","login-card","SOURCE INVENTORY; current-context tested subset in product-content-review.md"
"src/app/main.tsx","43","brand-mark","SOURCE INVENTORY; current-context tested subset in product-content-review.md"
"src/app/main.tsx","43","H","SOURCE INVENTORY; current-context tested subset in product-content-review.md"
"src/app/main.tsx","43","Keep requirements, execution and delivery evidence together.","SOURCE INVENTORY; current-context tested subset in product-content-review.md"
"src/app/main.tsx","43","Local emulator · synthetic data","SOURCE INVENTORY; current-context tested subset in product-content-review.md"
"src/app/main.tsx","43","Signed in","SOURCE INVENTORY; current-context tested subset in product-content-review.md"
"src/app/main.tsx","43","Email","SOURCE INVENTORY; current-context tested subset in product-content-review.md"
"src/app/main.tsx","43","email","SOURCE INVENTORY; current-context tested subset in product-content-review.md"
"src/app/main.tsx","43","username","SOURCE INVENTORY; current-context tested subset in product-content-review.md"
"src/app/main.tsx","43","Password","SOURCE INVENTORY; current-context tested subset in product-content-review.md"
"src/app/main.tsx","43","password","SOURCE INVENTORY; current-context tested subset in product-content-review.md"
"src/app/main.tsx","43","current-password","SOURCE INVENTORY; current-context tested subset in product-content-review.md"
"src/app/main.tsx","43","primary","SOURCE INVENTORY; current-context tested subset in product-content-review.md"
"src/app/main.tsx","43","Sign in","SOURCE INVENTORY; current-context tested subset in product-content-review.md"
"src/app/main.tsx","43","button","SOURCE INVENTORY; current-context tested subset in product-content-review.md"
"src/app/main.tsx","43","Account created","SOURCE INVENTORY; current-context tested subset in product-content-review.md"
"src/app/main.tsx","43","Create local account","SOURCE INVENTORY; current-context tested subset in product-content-review.md"
"src/app/main.tsx","43","hint","SOURCE INVENTORY; current-context tested subset in product-content-review.md"
"src/app/main.tsx","43","Seed accounts: author@example.test, reviewer@example.test. Both use the synthetic password shown in the local setup guide.","SOURCE INVENTORY; current-context tested subset in product-content-review.md"
"src/app/main.tsx","43","alert","SOURCE INVENTORY; current-context tested subset in product-content-review.md"
"src/app/main.tsx","43","error","SOURCE INVENTORY; current-context tested subset in product-content-review.md"
"src/app/main.tsx","44","onboarding","SOURCE INVENTORY; current-context tested subset in product-content-review.md"
"src/app/main.tsx","44","Create your project","SOURCE INVENTORY; current-context tested subset in product-content-review.md"
"src/app/main.tsx","44","A project connects work, approved requirements and one repository.","SOURCE INVENTORY; current-context tested subset in product-content-review.md"
"src/app/main.tsx","44","bootstrap","SOURCE INVENTORY; current-context tested subset in product-content-review.md"
"src/app/main.tsx","44","Project created","SOURCE INVENTORY; current-context tested subset in product-content-review.md"
"src/app/main.tsx","44","Project name","SOURCE INVENTORY; current-context tested subset in product-content-review.md"
"src/app/main.tsx","44","GitHub repository","SOURCE INVENTORY; current-context tested subset in product-content-review.md"
"src/app/main.tsx","44","primary","SOURCE INVENTORY; current-context tested subset in product-content-review.md"
"src/app/main.tsx","44","Create project","SOURCE INVENTORY; current-context tested subset in product-content-review.md"
"src/app/main.tsx","44","button","SOURCE INVENTORY; current-context tested subset in product-content-review.md"
"src/app/main.tsx","44","Sign out","SOURCE INVENTORY; current-context tested subset in product-content-review.md"
"src/app/main.tsx","44","alert","SOURCE INVENTORY; current-context tested subset in product-content-review.md"
"src/app/main.tsx","45","shell","SOURCE INVENTORY; current-context tested subset in product-content-review.md"
"src/app/main.tsx","45","sidebar","SOURCE INVENTORY; current-context tested subset in product-content-review.md"
"src/app/main.tsx","45","brand","SOURCE INVENTORY; current-context tested subset in product-content-review.md"
"src/app/main.tsx","45","/","SOURCE INVENTORY; current-context tested subset in product-content-review.md"
"src/app/main.tsx","45","brand-mark","SOURCE INVENTORY; current-context tested subset in product-content-review.md"
"src/app/main.tsx","45","H","SOURCE INVENTORY; current-context tested subset in product-content-review.md"
"src/app/main.tsx","45","HunpeoLabs","SOURCE INVENTORY; current-context tested subset in product-content-review.md"
"src/app/main.tsx","45","Workspace","SOURCE INVENTORY; current-context tested subset in product-content-review.md"
"src/app/main.tsx","45","project-select","SOURCE INVENTORY; current-context tested subset in product-content-review.md"
"src/app/main.tsx","45","Project","SOURCE INVENTORY; current-context tested subset in product-content-review.md"
"src/app/main.tsx","45","Project navigation","SOURCE INVENTORY; current-context tested subset in product-content-review.md"
"src/app/main.tsx","45","page","SOURCE INVENTORY; current-context tested subset in product-content-review.md"
"src/app/main.tsx","45","true","SOURCE INVENTORY; current-context tested subset in product-content-review.md"
"src/app/main.tsx","45","◫","SOURCE INVENTORY; current-context tested subset in product-content-review.md"
"src/app/main.tsx","45","▤","SOURCE INVENTORY; current-context tested subset in product-content-review.md"
"src/app/main.tsx","45","▥","SOURCE INVENTORY; current-context tested subset in product-content-review.md"
"src/app/main.tsx","45","→","SOURCE INVENTORY; current-context tested subset in product-content-review.md"
"src/app/main.tsx","45","◇","SOURCE INVENTORY; current-context tested subset in product-content-review.md"
"src/app/main.tsx","45","✓","SOURCE INVENTORY; current-context tested subset in product-content-review.md"
"src/app/main.tsx","45","▥","SOURCE INVENTORY; current-context tested subset in product-content-review.md"
"src/app/main.tsx","45","▱","SOURCE INVENTORY; current-context tested subset in product-content-review.md"
"src/app/main.tsx","45","↗","SOURCE INVENTORY; current-context tested subset in product-content-review.md"
"src/app/main.tsx","45","sidebar-bottom","SOURCE INVENTORY; current-context tested subset in product-content-review.md"
"src/app/main.tsx","45","Local synthetic workspace","SOURCE INVENTORY; current-context tested subset in product-content-review.md"
"src/app/main.tsx","45","Sign out","SOURCE INVENTORY; current-context tested subset in product-content-review.md"
"src/app/main.tsx","45","main","SOURCE INVENTORY; current-context tested subset in product-content-review.md"
"src/app/main.tsx","45","topbar","SOURCE INVENTORY; current-context tested subset in product-content-review.md"
"src/app/main.tsx","45","crumb","SOURCE INVENTORY; current-context tested subset in product-content-review.md"
"src/app/main.tsx","45","/","SOURCE INVENTORY; current-context tested subset in product-content-review.md"
"src/app/main.tsx","45","Data refreshed","SOURCE INVENTORY; current-context tested subset in product-content-review.md"
"src/app/main.tsx","45","Refresh","SOURCE INVENTORY; current-context tested subset in product-content-review.md"
"src/app/main.tsx","45","page-header","SOURCE INVENTORY; current-context tested subset in product-content-review.md"
"src/app/main.tsx","45","eyebrow","SOURCE INVENTORY; current-context tested subset in product-content-review.md"
"src/app/main.tsx","45","PROJECT DELIVERY","SOURCE INVENTORY; current-context tested subset in product-content-review.md"
"src/app/main.tsx","45","Roadmap","SOURCE INVENTORY; current-context tested subset in product-content-review.md"
"src/app/main.tsx","45","Compare the commitment with the current plan and actual delivery.","SOURCE INVENTORY; current-context tested subset in product-content-review.md"
"src/app/main.tsx","45","Ready work","SOURCE INVENTORY; current-context tested subset in product-content-review.md"
"src/app/main.tsx","45","Start work only when the required contract and context are approved.","SOURCE INVENTORY; current-context tested subset in product-content-review.md"
"src/app/main.tsx","45","Reviews","SOURCE INVENTORY; current-context tested subset in product-content-review.md"
"src/app/main.tsx","45","Review the exact contract, submission and commit before accepting.","SOURCE INVENTORY; current-context tested subset in product-content-review.md"
"src/app/main.tsx","45","Work","SOURCE INVENTORY; current-context tested subset in product-content-review.md"
"src/app/main.tsx","45","primary","SOURCE INVENTORY; current-context tested subset in product-content-review.md"
"src/app/main.tsx","45","Create work item","SOURCE INVENTORY; current-context tested subset in product-content-review.md"
"src/app/main.tsx","45","Roadmap","SOURCE INVENTORY; current-context tested subset in product-content-review.md"
"src/app/main.tsx","45","publish_baseline","SOURCE INVENTORY; current-context tested subset in product-content-review.md"
"src/app/main.tsx","45","Planning commitment published","SOURCE INVENTORY; current-context tested subset in product-content-review.md"
"src/app/main.tsx","45","Baseline published","SOURCE INVENTORY; current-context tested subset in product-content-review.md"
"src/app/main.tsx","45","Publish baseline","SOURCE INVENTORY; current-context tested subset in product-content-review.md"
"src/app/main.tsx","45","status-area","SOURCE INVENTORY; current-context tested subset in product-content-review.md"
"src/app/main.tsx","45","status","SOURCE INVENTORY; current-context tested subset in product-content-review.md"
"src/app/main.tsx","45","Saving changes","SOURCE INVENTORY; current-context tested subset in product-content-review.md"
"src/app/main.tsx","45","status","SOURCE INVENTORY; current-context tested subset in product-content-review.md"
"src/app/main.tsx","45","alert","SOURCE INVENTORY; current-context tested subset in product-content-review.md"
"src/app/main.tsx","45","error","SOURCE INVENTORY; current-context tested subset in product-content-review.md"
"src/app/main.tsx","45","status","SOURCE INVENTORY; current-context tested subset in product-content-review.md"
"src/app/main.tsx","45","Loading project","SOURCE INVENTORY; current-context tested subset in product-content-review.md"
"src/app/main.tsx","46","warning","SOURCE INVENTORY; current-context tested subset in product-content-review.md"
"src/app/main.tsx","46","This view contains a limited page. Reports are unavailable when work coverage is incomplete.","SOURCE INVENTORY; current-context tested subset in product-content-review.md"
"src/app/main.tsx","47","Roadmap","SOURCE INVENTORY; current-context tested subset in product-content-review.md"
"src/app/main.tsx","47","`${project.workspaceId}/${project.projectId}`","SOURCE INVENTORY; current-context tested subset in product-content-review.md"
"src/app/main.tsx","48","Work","SOURCE INVENTORY; current-context tested subset in product-content-review.md"
"src/app/main.tsx","48","toolbar","SOURCE INVENTORY; current-context tested subset in product-content-review.md"
"src/app/main.tsx","48","Find in this page","SOURCE INVENTORY; current-context tested subset in product-content-review.md"
"src/app/main.tsx","48","search","SOURCE INVENTORY; current-context tested subset in product-content-review.md"
"src/app/main.tsx","48","visible items","SOURCE INVENTORY; current-context tested subset in product-content-review.md"
"src/app/main.tsx","48","table-scroll","SOURCE INVENTORY; current-context tested subset in product-content-review.md"
"src/app/main.tsx","48","Work item","SOURCE INVENTORY; current-context tested subset in product-content-review.md"
"src/app/main.tsx","48","Status","SOURCE INVENTORY; current-context tested subset in product-content-review.md"
"src/app/main.tsx","48","Planned dates","SOURCE INVENTORY; current-context tested subset in product-content-review.md"
"src/app/main.tsx","48","Contract","SOURCE INVENTORY; current-context tested subset in product-content-review.md"
"src/app/main.tsx","48","text-button","SOURCE INVENTORY; current-context tested subset in product-content-review.md"
"src/app/main.tsx","48","Blocked","SOURCE INVENTORY; current-context tested subset in product-content-review.md"
"src/app/main.tsx","48","Unscheduled","SOURCE INVENTORY; current-context tested subset in product-content-review.md"
"src/app/main.tsx","48","` → ${t.end}`","SOURCE INVENTORY; current-context tested subset in product-content-review.md"
"src/app/main.tsx","48","Pinned","SOURCE INVENTORY; current-context tested subset in product-content-review.md"
"src/app/main.tsx","48","Missing","SOURCE INVENTORY; current-context tested subset in product-content-review.md"
"src/app/main.tsx","48","No work items in this view. Create an item to define its acceptance criteria.","SOURCE INVENTORY; current-context tested subset in product-content-review.md"
"src/app/main.tsx","49","Knowledge","SOURCE INVENTORY; current-context tested subset in product-content-review.md"
"src/app/main.tsx","49","knowledge","SOURCE INVENTORY; current-context tested subset in product-content-review.md"
"src/app/main.tsx","49","document-tree","SOURCE INVENTORY; current-context tested subset in product-content-review.md"
"src/app/main.tsx","49","Project documents","SOURCE INVENTORY; current-context tested subset in product-content-review.md"
"src/app/main.tsx","49","Document loaded","SOURCE INVENTORY; current-context tested subset in product-content-review.md"
"src/app/main.tsx","49","Revoked","SOURCE INVENTORY; current-context tested subset in product-content-review.md"
"src/app/main.tsx","49","Approved revision available","SOURCE INVENTORY; current-context tested subset in product-content-review.md"
"src/app/main.tsx","49","Draft","SOURCE INVENTORY; current-context tested subset in product-content-review.md"
"src/app/main.tsx","49","New document","SOURCE INVENTORY; current-context tested subset in product-content-review.md"
"src/app/main.tsx","49","editor","SOURCE INVENTORY; current-context tested subset in product-content-review.md"
"src/app/main.tsx","49","Edit a new revision","SOURCE INVENTORY; current-context tested subset in product-content-review.md"
"src/app/main.tsx","49","Create a document","SOURCE INVENTORY; current-context tested subset in product-content-review.md"
"src/app/main.tsx","49","Title","SOURCE INVENTORY; current-context tested subset in product-content-review.md"
"src/app/main.tsx","49","Document content","SOURCE INVENTORY; current-context tested subset in product-content-review.md"
"src/app/main.tsx","49","Plain text/Markdown. Saving creates a new immutable revision; it does not replace the approved content.","SOURCE INVENTORY; current-context tested subset in product-content-review.md"
"src/app/main.tsx","49","actions","SOURCE INVENTORY; current-context tested subset in product-content-review.md"
"src/app/main.tsx","49","primary","SOURCE INVENTORY; current-context tested subset in product-content-review.md"
"src/app/main.tsx","49","create_document","SOURCE INVENTORY; current-context tested subset in product-content-review.md"
"src/app/main.tsx","49","Draft revision saved","SOURCE INVENTORY; current-context tested subset in product-content-review.md"
"src/app/main.tsx","49","Save new revision","SOURCE INVENTORY; current-context tested subset in product-content-review.md"
"src/app/main.tsx","49","approve_document","SOURCE INVENTORY; current-context tested subset in product-content-review.md"
"src/app/main.tsx","49","approve","SOURCE INVENTORY; current-context tested subset in product-content-review.md"
"src/app/main.tsx","49","Revision approved","SOURCE INVENTORY; current-context tested subset in product-content-review.md"
"src/app/main.tsx","49","Approve draft revision","SOURCE INVENTORY; current-context tested subset in product-content-review.md"
"src/app/main.tsx","49","hint","SOURCE INVENTORY; current-context tested subset in product-content-review.md"
"src/app/main.tsx","49","Draft:","SOURCE INVENTORY; current-context tested subset in product-content-review.md"
"src/app/main.tsx","49","Approved:","SOURCE INVENTORY; current-context tested subset in product-content-review.md"
"src/app/main.tsx","49","None","SOURCE INVENTORY; current-context tested subset in product-content-review.md"
"src/app/main.tsx","49",". Another authorized person must approve.","SOURCE INVENTORY; current-context tested subset in product-content-review.md"
"src/app/main.tsx","50","Ready work","SOURCE INVENTORY; current-context tested subset in product-content-review.md"
"src/app/main.tsx","50","toolbar","SOURCE INVENTORY; current-context tested subset in product-content-review.md"
"src/app/main.tsx","50","primary","SOURCE INVENTORY; current-context tested subset in product-content-review.md"
"src/app/main.tsx","50","recommend_work","SOURCE INVENTORY; current-context tested subset in product-content-review.md"
"src/app/main.tsx","50","Readiness checked","SOURCE INVENTORY; current-context tested subset in product-content-review.md"
"src/app/main.tsx","50","Check eligible work","SOURCE INVENTORY; current-context tested subset in product-content-review.md"
"src/app/main.tsx","50","Read-only check. This does not reserve work.","SOURCE INVENTORY; current-context tested subset in product-content-review.md"
"src/app/main.tsx","50","Eligible work","SOURCE INVENTORY; current-context tested subset in product-content-review.md"
"src/app/main.tsx","50","work-row","SOURCE INVENTORY; current-context tested subset in product-content-review.md"
"src/app/main.tsx","50","text-button","SOURCE INVENTORY; current-context tested subset in product-content-review.md"
"src/app/main.tsx","50","·","SOURCE INVENTORY; current-context tested subset in product-content-review.md"
"src/app/main.tsx","50","Eligible · not reserved","SOURCE INVENTORY; current-context tested subset in product-content-review.md"
"src/app/main.tsx","50","No eligible work in the evaluated page.","SOURCE INVENTORY; current-context tested subset in product-content-review.md"
"src/app/main.tsx","50","Prerequisites to resolve","SOURCE INVENTORY; current-context tested subset in product-content-review.md"
"src/app/main.tsx","50","work-row","SOURCE INVENTORY; current-context tested subset in product-content-review.md"
"src/app/main.tsx","50","text-button","SOURCE INVENTORY; current-context tested subset in product-content-review.md"
"src/app/main.tsx","50","·","SOURCE INVENTORY; current-context tested subset in product-content-review.md"
"src/app/main.tsx","50","·","SOURCE INVENTORY; current-context tested subset in product-content-review.md"
"src/app/main.tsx","50","warning","SOURCE INVENTORY; current-context tested subset in product-content-review.md"
"src/app/main.tsx","50","Only the first 50 work items were evaluated.","SOURCE INVENTORY; current-context tested subset in product-content-review.md"
"src/app/main.tsx","51","Decisions","SOURCE INVENTORY; current-context tested subset in product-content-review.md"
"src/app/main.tsx","51","review-row","SOURCE INVENTORY; current-context tested subset in product-content-review.md"
"src/app/main.tsx","51","Pending","SOURCE INVENTORY; current-context tested subset in product-content-review.md"
"src/app/main.tsx","51","answer","SOURCE INVENTORY; current-context tested subset in product-content-review.md"
"src/app/main.tsx","51","decide_blocker","SOURCE INVENTORY; current-context tested subset in product-content-review.md"
"src/app/main.tsx","51","Clarification recorded","SOURCE INVENTORY; current-context tested subset in product-content-review.md"
"src/app/main.tsx","51","Non-semantic clarification","SOURCE INVENTORY; current-context tested subset in product-content-review.md"
"src/app/main.tsx","51","Scope or business-rule changes require a new contract; they cannot be approved here.","SOURCE INVENTORY; current-context tested subset in product-content-review.md"
"src/app/main.tsx","51","answer","SOURCE INVENTORY; current-context tested subset in product-content-review.md"
"src/app/main.tsx","51","Record clarification","SOURCE INVENTORY; current-context tested subset in product-content-review.md"
"src/app/main.tsx","51","No decisions are waiting in this project.","SOURCE INVENTORY; current-context tested subset in product-content-review.md"
"src/app/main.tsx","52","Reviews","SOURCE INVENTORY; current-context tested subset in product-content-review.md"
"src/app/main.tsx","52","review-row","SOURCE INVENTORY; current-context tested subset in product-content-review.md"
"src/app/main.tsx","52","text-button","SOURCE INVENTORY; current-context tested subset in product-content-review.md"
"src/app/main.tsx","52","Work item","SOURCE INVENTORY; current-context tested subset in product-content-review.md"
"src/app/main.tsx","52","·","SOURCE INVENTORY; current-context tested subset in product-content-review.md"
"src/app/main.tsx","52","Open item","SOURCE INVENTORY; current-context tested subset in product-content-review.md"
"src/app/main.tsx","52","Accepted","SOURCE INVENTORY; current-context tested subset in product-content-review.md"
"src/app/main.tsx","52","Changes requested","SOURCE INVENTORY; current-context tested subset in product-content-review.md"
"src/app/main.tsx","52","Rejected","SOURCE INVENTORY; current-context tested subset in product-content-review.md"
"src/app/main.tsx","52","Awaiting review","SOURCE INVENTORY; current-context tested subset in product-content-review.md"
"src/app/main.tsx","52","Contract","SOURCE INVENTORY; current-context tested subset in product-content-review.md"
"src/app/main.tsx","52","Commit","SOURCE INVENTORY; current-context tested subset in product-content-review.md"
"src/app/main.tsx","52","Evidence","SOURCE INVENTORY; current-context tested subset in product-content-review.md"
"src/app/main.tsx","52","Reported · provider verification","SOURCE INVENTORY; current-context tested subset in product-content-review.md"
"src/app/main.tsx","52","NOT RUN","SOURCE INVENTORY; current-context tested subset in product-content-review.md"
"src/app/main.tsx","52","not run","SOURCE INVENTORY; current-context tested subset in product-content-review.md"
"src/app/main.tsx","52","Criterion","SOURCE INVENTORY; current-context tested subset in product-content-review.md"
"src/app/main.tsx","52","Reported result","SOURCE INVENTORY; current-context tested subset in product-content-review.md"
"src/app/main.tsx","52","Command","SOURCE INVENTORY; current-context tested subset in product-content-review.md"
"src/app/main.tsx","52","No limitations reported by the submitter.","SOURCE INVENTORY; current-context tested subset in product-content-review.md"
"src/app/main.tsx","52","Pending","SOURCE INVENTORY; current-context tested subset in product-content-review.md"
"src/app/main.tsx","52","review_delivery","SOURCE INVENTORY; current-context tested subset in product-content-review.md"
"src/app/main.tsx","52","decision","SOURCE INVENTORY; current-context tested subset in product-content-review.md"
"src/app/main.tsx","52","reason","SOURCE INVENTORY; current-context tested subset in product-content-review.md"
"src/app/main.tsx","52","Review decision recorded","SOURCE INVENTORY; current-context tested subset in product-content-review.md"
"src/app/main.tsx","52","Review decision","SOURCE INVENTORY; current-context tested subset in product-content-review.md"
"src/app/main.tsx","52","decision","SOURCE INVENTORY; current-context tested subset in product-content-review.md"
"src/app/main.tsx","52","request_changes","SOURCE INVENTORY; current-context tested subset in product-content-review.md"
"src/app/main.tsx","52","Request changes","SOURCE INVENTORY; current-context tested subset in product-content-review.md"
"src/app/main.tsx","52","accept","SOURCE INVENTORY; current-context tested subset in product-content-review.md"
"src/app/main.tsx","52","Accept delivery","SOURCE INVENTORY; current-context tested subset in product-content-review.md"
"src/app/main.tsx","52","reject","SOURCE INVENTORY; current-context tested subset in product-content-review.md"
"src/app/main.tsx","52","Reject delivery","SOURCE INVENTORY; current-context tested subset in product-content-review.md"
"src/app/main.tsx","52","Review reason","SOURCE INVENTORY; current-context tested subset in product-content-review.md"
"src/app/main.tsx","52","reason","SOURCE INVENTORY; current-context tested subset in product-content-review.md"
"src/app/main.tsx","52","Record human review","SOURCE INVENTORY; current-context tested subset in product-content-review.md"
"src/app/main.tsx","52","No delivery submissions yet. Submitted work will appear here for human review.","SOURCE INVENTORY; current-context tested subset in product-content-review.md"
"src/app/main.tsx","53","Reports","SOURCE INVENTORY; current-context tested subset in product-content-review.md"
"src/app/main.tsx","53","metric-grid","SOURCE INVENTORY; current-context tested subset in product-content-review.md"
"src/app/main.tsx","53","Accepted throughput","SOURCE INVENTORY; current-context tested subset in product-content-review.md"
"src/app/main.tsx","53","Unavailable","SOURCE INVENTORY; current-context tested subset in product-content-review.md"
"src/app/main.tsx","53","Current non-archived Done items, counted once per item. Reopened and cancelled work is excluded.","SOURCE INVENTORY; current-context tested subset in product-content-review.md"
"src/app/main.tsx","53","On-time commitment","SOURCE INVENTORY; current-context tested subset in product-content-review.md"
"src/app/main.tsx","53","`${data.metrics.onTime.numerator} / ${data.metrics.onTime.denominator}`","SOURCE INVENTORY; current-context tested subset in product-content-review.md"
"src/app/main.tsx","53","N/A","SOURCE INVENTORY; current-context tested subset in product-content-review.md"
"src/app/main.tsx","53","Completed on or before baseline end / baseline items with an end date. Incomplete items stay in the denominator. Current all-baseline cohort; calendar days in UTC.","SOURCE INVENTORY; current-context tested subset in product-content-review.md"
"src/app/main.tsx","53","As of","SOURCE INVENTORY; current-context tested subset in product-content-review.md"
"src/app/main.tsx","53","·","SOURCE INVENTORY; current-context tested subset in product-content-review.md"
"src/app/main.tsx","53","`Baseline ${data.baselines[0].id}`","SOURCE INVENTORY; current-context tested subset in product-content-review.md"
"src/app/main.tsx","53","No baseline published","SOURCE INVENTORY; current-context tested subset in product-content-review.md"
"src/app/main.tsx","53",".","SOURCE INVENTORY; current-context tested subset in product-content-review.md"
"src/app/main.tsx","53","Drill-down","SOURCE INVENTORY; current-context tested subset in product-content-review.md"
"src/app/main.tsx","53","work-row","SOURCE INVENTORY; current-context tested subset in product-content-review.md"
"src/app/main.tsx","53","text-button","SOURCE INVENTORY; current-context tested subset in product-content-review.md"
"src/app/main.tsx","53","·","SOURCE INVENTORY; current-context tested subset in product-content-review.md"
"src/app/main.tsx","53","hint","SOURCE INVENTORY; current-context tested subset in product-content-review.md"
"src/app/main.tsx","53","Historical reports, period filtering and additional KPI formulas are not implemented in this candidate.","SOURCE INVENTORY; current-context tested subset in product-content-review.md"
"src/app/main.tsx","54","Releases","SOURCE INVENTORY; current-context tested subset in product-content-review.md"
"src/app/main.tsx","54","Deployment records","SOURCE INVENTORY; current-context tested subset in product-content-review.md"
"src/app/main.tsx","54","These records describe manual observations. Recording an event does not deploy code.","SOURCE INVENTORY; current-context tested subset in product-content-review.md"
"src/app/main.tsx","54","work-row","SOURCE INVENTORY; current-context tested subset in product-content-review.md"
"src/app/main.tsx","54","·","SOURCE INVENTORY; current-context tested subset in product-content-review.md"
"src/app/main.tsx","54","· manual","SOURCE INVENTORY; current-context tested subset in product-content-review.md"
"src/app/main.tsx","54","No deployment events recorded.","SOURCE INVENTORY; current-context tested subset in product-content-review.md"
"src/app/main.tsx","54","compact-form","SOURCE INVENTORY; current-context tested subset in product-content-review.md"
"src/app/main.tsx","54","record_deployment","SOURCE INVENTORY; current-context tested subset in product-content-review.md"
"src/app/main.tsx","54","taskId","SOURCE INVENTORY; current-context tested subset in product-content-review.md"
"src/app/main.tsx","54","guideRevisionId","SOURCE INVENTORY; current-context tested subset in product-content-review.md"
"src/app/main.tsx","54","environment","SOURCE INVENTORY; current-context tested subset in product-content-review.md"
"src/app/main.tsx","54","outcome","SOURCE INVENTORY; current-context tested subset in product-content-review.md"
"src/app/main.tsx","54","reference","SOURCE INVENTORY; current-context tested subset in product-content-review.md"
"src/app/main.tsx","54","Manual deployment event recorded","SOURCE INVENTORY; current-context tested subset in product-content-review.md"
"src/app/main.tsx","54","Accepted work item","SOURCE INVENTORY; current-context tested subset in product-content-review.md"
"src/app/main.tsx","54","taskId","SOURCE INVENTORY; current-context tested subset in product-content-review.md"
"src/app/main.tsx","54","Done","SOURCE INVENTORY; current-context tested subset in product-content-review.md"
"src/app/main.tsx","54","·","SOURCE INVENTORY; current-context tested subset in product-content-review.md"
"src/app/main.tsx","54","Approved guide revision","SOURCE INVENTORY; current-context tested subset in product-content-review.md"
"src/app/main.tsx","54","guideRevisionId","SOURCE INVENTORY; current-context tested subset in product-content-review.md"
"src/app/main.tsx","54","Environment","SOURCE INVENTORY; current-context tested subset in product-content-review.md"
"src/app/main.tsx","54","environment","SOURCE INVENTORY; current-context tested subset in product-content-review.md"
"src/app/main.tsx","54","test","SOURCE INVENTORY; current-context tested subset in product-content-review.md"
"src/app/main.tsx","54","staging","SOURCE INVENTORY; current-context tested subset in product-content-review.md"
"src/app/main.tsx","54","production","SOURCE INVENTORY; current-context tested subset in product-content-review.md"
"src/app/main.tsx","54","Outcome","SOURCE INVENTORY; current-context tested subset in product-content-review.md"
"src/app/main.tsx","54","outcome","SOURCE INVENTORY; current-context tested subset in product-content-review.md"
"src/app/main.tsx","54","succeeded","SOURCE INVENTORY; current-context tested subset in product-content-review.md"
"src/app/main.tsx","54","failed","SOURCE INVENTORY; current-context tested subset in product-content-review.md"
"src/app/main.tsx","54","rolled_back","SOURCE INVENTORY; current-context tested subset in product-content-review.md"
"src/app/main.tsx","54","Artifact or release reference","SOURCE INVENTORY; current-context tested subset in product-content-review.md"
"src/app/main.tsx","54","reference","SOURCE INVENTORY; current-context tested subset in product-content-review.md"
"src/app/main.tsx","54","Done","SOURCE INVENTORY; current-context tested subset in product-content-review.md"
"src/app/main.tsx","54","Record deployment event","SOURCE INVENTORY; current-context tested subset in product-content-review.md"
"src/app/main.tsx","55","Connect agent","SOURCE INVENTORY; current-context tested subset in product-content-review.md"
"src/app/main.tsx","55","connection-intro","SOURCE INVENTORY; current-context tested subset in product-content-review.md"
"src/app/main.tsx","55","Delegate one project","SOURCE INVENTORY; current-context tested subset in product-content-review.md"
"src/app/main.tsx","55","Your client receives approved project context. Content may leave your machine through the client or model provider you choose. Revoking access blocks future calls; it cannot recover content already transferred.","SOURCE INVENTORY; current-context tested subset in product-content-review.md"
"src/app/main.tsx","55","This local pilot uses dedicated bearer grants. Native OAuth and actual client compatibility remain unverified. Grants cannot approve requirements, accept delivery, publish baselines, change membership or deploy.","SOURCE INVENTORY; current-context tested subset in product-content-review.md"
"src/app/main.tsx","55","compact-form","SOURCE INVENTORY; current-context tested subset in product-content-review.md"
"src/app/main.tsx","55","grant_connection","SOURCE INVENTORY; current-context tested subset in product-content-review.md"
"src/app/main.tsx","55","label","SOURCE INVENTORY; current-context tested subset in product-content-review.md"
"src/app/main.tsx","55","write","SOURCE INVENTORY; current-context tested subset in product-content-review.md"
"src/app/main.tsx","55","on","SOURCE INVENTORY; current-context tested subset in product-content-review.md"
"src/app/main.tsx","55","Connection grant created","SOURCE INVENTORY; current-context tested subset in product-content-review.md"
"src/app/main.tsx","55","Connection label","SOURCE INVENTORY; current-context tested subset in product-content-review.md"
"src/app/main.tsx","55","label","SOURCE INVENTORY; current-context tested subset in product-content-review.md"
"src/app/main.tsx","55","Local development client","SOURCE INVENTORY; current-context tested subset in product-content-review.md"
"src/app/main.tsx","55","check","SOURCE INVENTORY; current-context tested subset in product-content-review.md"
"src/app/main.tsx","55","checkbox","SOURCE INVENTORY; current-context tested subset in product-content-review.md"
"src/app/main.tsx","55","write","SOURCE INVENTORY; current-context tested subset in product-content-review.md"
"src/app/main.tsx","55","Allow claim, checkpoint and submission","SOURCE INVENTORY; current-context tested subset in product-content-review.md"
"src/app/main.tsx","55","check","SOURCE INVENTORY; current-context tested subset in product-content-review.md"
"src/app/main.tsx","55","checkbox","SOURCE INVENTORY; current-context tested subset in product-content-review.md"
"src/app/main.tsx","55","I authorize this project context to be transferred to my external client.","SOURCE INVENTORY; current-context tested subset in product-content-review.md"
"src/app/main.tsx","55","primary","SOURCE INVENTORY; current-context tested subset in product-content-review.md"
"src/app/main.tsx","55","Create 24-hour grant","SOURCE INVENTORY; current-context tested subset in product-content-review.md"
"src/app/main.tsx","55","secret","SOURCE INVENTORY; current-context tested subset in product-content-review.md"
"src/app/main.tsx","55","Store this grant securely","SOURCE INVENTORY; current-context tested subset in product-content-review.md"
"src/app/main.tsx","55","Shown once. Do not put it in your repository, screenshots or logs.","SOURCE INVENTORY; current-context tested subset in product-content-review.md"
"src/app/main.tsx","55","Access token","SOURCE INVENTORY; current-context tested subset in product-content-review.md"
"src/app/main.tsx","55","password","SOURCE INVENTORY; current-context tested subset in product-content-review.md"
"src/app/main.tsx","55","Token copied. Store it securely.","SOURCE INVENTORY; current-context tested subset in product-content-review.md"
"src/app/main.tsx","55","Copy did not complete.","SOURCE INVENTORY; current-context tested subset in product-content-review.md"
"src/app/main.tsx","55","Copy token","SOURCE INVENTORY; current-context tested subset in product-content-review.md"
"src/app/main.tsx","55","Hide token","SOURCE INVENTORY; current-context tested subset in product-content-review.md"
"src/app/main.tsx","55","MCP endpoint:","SOURCE INVENTORY; current-context tested subset in product-content-review.md"
"src/app/main.tsx","55","http://127.0.0.1:15001/demo-hunpeolabs-workspace/us-central1/mcp","SOURCE INVENTORY; current-context tested subset in product-content-review.md"
"src/app/main.tsx","55","Use the client’s verified HTTP bearer-header configuration. Check connection with list tools and resolve_project; these are read-only.","SOURCE INVENTORY; current-context tested subset in product-content-review.md"
"src/app/main.tsx","55","Your connections","SOURCE INVENTORY; current-context tested subset in product-content-review.md"
"src/app/main.tsx","55","work-row","SOURCE INVENTORY; current-context tested subset in product-content-review.md"
"src/app/main.tsx","55","Expires","SOURCE INVENTORY; current-context tested subset in product-content-review.md"
"src/app/main.tsx","55","Revoked","SOURCE INVENTORY; current-context tested subset in product-content-review.md"
"src/app/main.tsx","55","Revoke this connection? Future calls will be denied. Downloaded context remains outside this app.","SOURCE INVENTORY; current-context tested subset in product-content-review.md"
"src/app/main.tsx","55","revoke_connection","SOURCE INVENTORY; current-context tested subset in product-content-review.md"
"src/app/main.tsx","55","Connection revoked","SOURCE INVENTORY; current-context tested subset in product-content-review.md"
"src/app/main.tsx","55","Revoke connection","SOURCE INVENTORY; current-context tested subset in product-content-review.md"
"src/app/main.tsx","55","No connections created for this project.","SOURCE INVENTORY; current-context tested subset in product-content-review.md"
"src/app/main.tsx","56","data-footer","SOURCE INVENTORY; current-context tested subset in product-content-review.md"
"src/app/main.tsx","56","Read from local Firestore ·","SOURCE INVENTORY; current-context tested subset in product-content-review.md"
"src/app/main.tsx","56","·","SOURCE INVENTORY; current-context tested subset in product-content-review.md"
"src/app/main.tsx","57","inspector","SOURCE INVENTORY; current-context tested subset in product-content-review.md"
"src/app/main.tsx","57","Work item details","SOURCE INVENTORY; current-context tested subset in product-content-review.md"
"src/app/main.tsx","57","Close details","SOURCE INVENTORY; current-context tested subset in product-content-review.md"
"src/app/main.tsx","57","Blocked","SOURCE INVENTORY; current-context tested subset in product-content-review.md"
"src/app/main.tsx","57","tabs","SOURCE INVENTORY; current-context tested subset in product-content-review.md"
"src/app/main.tsx","57","tablist","SOURCE INVENTORY; current-context tested subset in product-content-review.md"
"src/app/main.tsx","57","Work details","SOURCE INVENTORY; current-context tested subset in product-content-review.md"
"src/app/main.tsx","57","Overview","SOURCE INVENTORY; current-context tested subset in product-content-review.md"
"src/app/main.tsx","57","Contract","SOURCE INVENTORY; current-context tested subset in product-content-review.md"
"src/app/main.tsx","57","Execution","SOURCE INVENTORY; current-context tested subset in product-content-review.md"
"src/app/main.tsx","57","Evidence","SOURCE INVENTORY; current-context tested subset in product-content-review.md"
"src/app/main.tsx","57","tab","SOURCE INVENTORY; current-context tested subset in product-content-review.md"
"src/app/main.tsx","57","Overview","SOURCE INVENTORY; current-context tested subset in product-content-review.md"
"src/app/main.tsx","57","Acceptance criteria","SOURCE INVENTORY; current-context tested subset in product-content-review.md"
"src/app/main.tsx","57","·","SOURCE INVENTORY; current-context tested subset in product-content-review.md"
"src/app/main.tsx","57","edit_work","SOURCE INVENTORY; current-context tested subset in product-content-review.md"
"src/app/main.tsx","57","title","SOURCE INVENTORY; current-context tested subset in product-content-review.md"
"src/app/main.tsx","57","start","SOURCE INVENTORY; current-context tested subset in product-content-review.md"
"src/app/main.tsx","57","end","SOURCE INVENTORY; current-context tested subset in product-content-review.md"
"src/app/main.tsx","57","Title","SOURCE INVENTORY; current-context tested subset in product-content-review.md"
"src/app/main.tsx","57","title","SOURCE INVENTORY; current-context tested subset in product-content-review.md"
"src/app/main.tsx","57","title","SOURCE INVENTORY; current-context tested subset in product-content-review.md"
"src/app/main.tsx","57","Planned start","SOURCE INVENTORY; current-context tested subset in product-content-review.md"
"src/app/main.tsx","57","start","SOURCE INVENTORY; current-context tested subset in product-content-review.md"
"src/app/main.tsx","57","date","SOURCE INVENTORY; current-context tested subset in product-content-review.md"
"src/app/main.tsx","57","start","SOURCE INVENTORY; current-context tested subset in product-content-review.md"
"src/app/main.tsx","57","Planned end","SOURCE INVENTORY; current-context tested subset in product-content-review.md"
"src/app/main.tsx","57","end","SOURCE INVENTORY; current-context tested subset in product-content-review.md"
"src/app/main.tsx","57","date","SOURCE INVENTORY; current-context tested subset in product-content-review.md"
"src/app/main.tsx","57","end","SOURCE INVENTORY; current-context tested subset in product-content-review.md"
"src/app/main.tsx","57","Save current plan","SOURCE INVENTORY; current-context tested subset in product-content-review.md"
"src/app/main.tsx","57","Actual lifecycle","SOURCE INVENTORY; current-context tested subset in product-content-review.md"
"src/app/main.tsx","57","Started:","SOURCE INVENTORY; current-context tested subset in product-content-review.md"
"src/app/main.tsx","57","Not started","SOURCE INVENTORY; current-context tested subset in product-content-review.md"
"src/app/main.tsx","57","Completed:","SOURCE INVENTORY; current-context tested subset in product-content-review.md"
"src/app/main.tsx","57","Not completed","SOURCE INVENTORY; current-context tested subset in product-content-review.md"
"src/app/main.tsx","58","Contract","SOURCE INVENTORY; current-context tested subset in product-content-review.md"
"src/app/main.tsx","58","Pinned implementation contract","SOURCE INVENTORY; current-context tested subset in product-content-review.md"
"src/app/main.tsx","58","Non-goals:","SOURCE INVENTORY; current-context tested subset in product-content-review.md"
"src/app/main.tsx","58","None recorded","SOURCE INVENTORY; current-context tested subset in product-content-review.md"
"src/app/main.tsx","58","hash","SOURCE INVENTORY; current-context tested subset in product-content-review.md"
"src/app/main.tsx","58","Approved","SOURCE INVENTORY; current-context tested subset in product-content-review.md"
"src/app/main.tsx","58","Awaiting approval","SOURCE INVENTORY; current-context tested subset in product-content-review.md"
"src/app/main.tsx","58","Exact document revisions","SOURCE INVENTORY; current-context tested subset in product-content-review.md"
"src/app/main.tsx","58","hash","SOURCE INVENTORY; current-context tested subset in product-content-review.md"
"src/app/main.tsx","58","approve_contract","SOURCE INVENTORY; current-context tested subset in product-content-review.md"
"src/app/main.tsx","58","approve","SOURCE INVENTORY; current-context tested subset in product-content-review.md"
"src/app/main.tsx","58","Contract approved","SOURCE INVENTORY; current-context tested subset in product-content-review.md"
"src/app/main.tsx","58","Approve pinned contract","SOURCE INVENTORY; current-context tested subset in product-content-review.md"
"src/app/main.tsx","58","export_context","SOURCE INVENTORY; current-context tested subset in product-content-review.md"
"src/app/main.tsx","58","`${task.key}-context.md`","SOURCE INVENTORY; current-context tested subset in product-content-review.md"
"src/app/main.tsx","58","text/markdown","SOURCE INVENTORY; current-context tested subset in product-content-review.md"
"src/app/main.tsx","58","`${task.key}-manifest.json`","SOURCE INVENTORY; current-context tested subset in product-content-review.md"
"src/app/main.tsx","58","application/json","SOURCE INVENTORY; current-context tested subset in product-content-review.md"
"src/app/main.tsx","58","Context files prepared","SOURCE INVENTORY; current-context tested subset in product-content-review.md"
"src/app/main.tsx","58","Export context fallback","SOURCE INVENTORY; current-context tested subset in product-content-review.md"
"src/app/main.tsx","58","No implementation contract has been published.","SOURCE INVENTORY; current-context tested subset in product-content-review.md"
"src/app/main.tsx","58","publish_contract","SOURCE INVENTORY; current-context tested subset in product-content-review.md"
"src/app/main.tsx","58","scope","SOURCE INVENTORY; current-context tested subset in product-content-review.md"
"src/app/main.tsx","58","nonGoals","SOURCE INVENTORY; current-context tested subset in product-content-review.md"
"src/app/main.tsx","58","documentIds","SOURCE INVENTORY; current-context tested subset in product-content-review.md"
"src/app/main.tsx","58","New contract published for approval","SOURCE INVENTORY; current-context tested subset in product-content-review.md"
"src/app/main.tsx","58","Implementation scope","SOURCE INVENTORY; current-context tested subset in product-content-review.md"
"src/app/main.tsx","58","scope","SOURCE INVENTORY; current-context tested subset in product-content-review.md"
"src/app/main.tsx","58","Non-goals","SOURCE INVENTORY; current-context tested subset in product-content-review.md"
"src/app/main.tsx","58","nonGoals","SOURCE INVENTORY; current-context tested subset in product-content-review.md"
"src/app/main.tsx","58","Required approved documents","SOURCE INVENTORY; current-context tested subset in product-content-review.md"
"src/app/main.tsx","58","check","SOURCE INVENTORY; current-context tested subset in product-content-review.md"
"src/app/main.tsx","58","checkbox","SOURCE INVENTORY; current-context tested subset in product-content-review.md"
"src/app/main.tsx","58","documentIds","SOURCE INVENTORY; current-context tested subset in product-content-review.md"
"src/app/main.tsx","58","Publish new contract","SOURCE INVENTORY; current-context tested subset in product-content-review.md"
"src/app/main.tsx","59","Execution","SOURCE INVENTORY; current-context tested subset in product-content-review.md"
"src/app/main.tsx","59","Latest reservation","SOURCE INVENTORY; current-context tested subset in product-content-review.md"
"src/app/main.tsx","59","Lease valid until","SOURCE INVENTORY; current-context tested subset in product-content-review.md"
"src/app/main.tsx","59","Lease expired at","SOURCE INVENTORY; current-context tested subset in product-content-review.md"
"src/app/main.tsx","59","Reservation is separate from assignee and workflow. Expiry does not stop code edits on an external machine.","SOURCE INVENTORY; current-context tested subset in product-content-review.md"
"src/app/main.tsx","59","hash","SOURCE INVENTORY; current-context tested subset in product-content-review.md"
"src/app/main.tsx","59","Execution","SOURCE INVENTORY; current-context tested subset in product-content-review.md"
"src/app/main.tsx","59","Generation","SOURCE INVENTORY; current-context tested subset in product-content-review.md"
"src/app/main.tsx","59","No execution has reserved this item.","SOURCE INVENTORY; current-context tested subset in product-content-review.md"
"src/app/main.tsx","59","Latest checkpoint","SOURCE INVENTORY; current-context tested subset in product-content-review.md"
"src/app/main.tsx","59","Next:","SOURCE INVENTORY; current-context tested subset in product-content-review.md"
"src/app/main.tsx","59","hash","SOURCE INVENTORY; current-context tested subset in product-content-review.md"
"src/app/main.tsx","59","No shared commit reported","SOURCE INVENTORY; current-context tested subset in product-content-review.md"
"src/app/main.tsx","59","Reported · not provider verified","SOURCE INVENTORY; current-context tested subset in product-content-review.md"
"src/app/main.tsx","59","No checkpoint submitted.","SOURCE INVENTORY; current-context tested subset in product-content-review.md"
"src/app/main.tsx","59","HANDOFF_INCOMPLETE","SOURCE INVENTORY; current-context tested subset in product-content-review.md"
"src/app/main.tsx","59","Handoff incomplete: no shared commit checkpoint is available.","SOURCE INVENTORY; current-context tested subset in product-content-review.md"
"src/app/main.tsx","59","Shared commit reported; a new client must verify it locally.","SOURCE INVENTORY; current-context tested subset in product-content-review.md"
"src/app/main.tsx","59","hash","SOURCE INVENTORY; current-context tested subset in product-content-review.md"
"src/app/main.tsx","59","·","SOURCE INVENTORY; current-context tested subset in product-content-review.md"
"src/app/main.tsx","60","Evidence","SOURCE INVENTORY; current-context tested subset in product-content-review.md"
"src/app/main.tsx","60","Accepted","SOURCE INVENTORY; current-context tested subset in product-content-review.md"
"src/app/main.tsx","60","Changes requested","SOURCE INVENTORY; current-context tested subset in product-content-review.md"
"src/app/main.tsx","60","Rejected","SOURCE INVENTORY; current-context tested subset in product-content-review.md"
"src/app/main.tsx","60","Awaiting review","SOURCE INVENTORY; current-context tested subset in product-content-review.md"
"src/app/main.tsx","60","hash","SOURCE INVENTORY; current-context tested subset in product-content-review.md"
"src/app/main.tsx","60","Reported evidence · provider verification not run","SOURCE INVENTORY; current-context tested subset in product-content-review.md"
"src/app/main.tsx","60","·","SOURCE INVENTORY; current-context tested subset in product-content-review.md"
"src/app/main.tsx","60","·","SOURCE INVENTORY; current-context tested subset in product-content-review.md"
"src/app/main.tsx","60","No submission evidence yet.","SOURCE INVENTORY; current-context tested subset in product-content-review.md"
"src/app/main.tsx","62","create-title","SOURCE INVENTORY; current-context tested subset in product-content-review.md"
"src/app/main.tsx","62","modal","SOURCE INVENTORY; current-context tested subset in product-content-review.md"
"src/app/main.tsx","62","create-title","SOURCE INVENTORY; current-context tested subset in product-content-review.md"
"src/app/main.tsx","62","Create work item","SOURCE INVENTORY; current-context tested subset in product-content-review.md"
"src/app/main.tsx","62","Cancel","SOURCE INVENTORY; current-context tested subset in product-content-review.md"
"src/app/main.tsx","62","create_work","SOURCE INVENTORY; current-context tested subset in product-content-review.md"
"src/app/main.tsx","62","title","SOURCE INVENTORY; current-context tested subset in product-content-review.md"
"src/app/main.tsx","62","description","SOURCE INVENTORY; current-context tested subset in product-content-review.md"
"src/app/main.tsx","62","type","SOURCE INVENTORY; current-context tested subset in product-content-review.md"
"src/app/main.tsx","62","priority","SOURCE INVENTORY; current-context tested subset in product-content-review.md"
"src/app/main.tsx","62","ac","SOURCE INVENTORY; current-context tested subset in product-content-review.md"
"src/app/main.tsx","62","`AC-${i+1}`","SOURCE INVENTORY; current-context tested subset in product-content-review.md"
"src/app/main.tsx","62","start","SOURCE INVENTORY; current-context tested subset in product-content-review.md"
"src/app/main.tsx","62","end","SOURCE INVENTORY; current-context tested subset in product-content-review.md"
"src/app/main.tsx","62","Work item created","SOURCE INVENTORY; current-context tested subset in product-content-review.md"
"src/app/main.tsx","62","Title","SOURCE INVENTORY; current-context tested subset in product-content-review.md"
"src/app/main.tsx","62","title","SOURCE INVENTORY; current-context tested subset in product-content-review.md"
"src/app/main.tsx","62","Description","SOURCE INVENTORY; current-context tested subset in product-content-review.md"
"src/app/main.tsx","62","description","SOURCE INVENTORY; current-context tested subset in product-content-review.md"
"src/app/main.tsx","62","form-grid","SOURCE INVENTORY; current-context tested subset in product-content-review.md"
"src/app/main.tsx","62","Type","SOURCE INVENTORY; current-context tested subset in product-content-review.md"
"src/app/main.tsx","62","type","SOURCE INVENTORY; current-context tested subset in product-content-review.md"
"src/app/main.tsx","62","task","SOURCE INVENTORY; current-context tested subset in product-content-review.md"
"src/app/main.tsx","62","story","SOURCE INVENTORY; current-context tested subset in product-content-review.md"
"src/app/main.tsx","62","bug","SOURCE INVENTORY; current-context tested subset in product-content-review.md"
"src/app/main.tsx","62","epic","SOURCE INVENTORY; current-context tested subset in product-content-review.md"
"src/app/main.tsx","62","Priority","SOURCE INVENTORY; current-context tested subset in product-content-review.md"
"src/app/main.tsx","62","priority","SOURCE INVENTORY; current-context tested subset in product-content-review.md"
"src/app/main.tsx","62","2","SOURCE INVENTORY; current-context tested subset in product-content-review.md"
"src/app/main.tsx","62","Medium","SOURCE INVENTORY; current-context tested subset in product-content-review.md"
"src/app/main.tsx","62","4","SOURCE INVENTORY; current-context tested subset in product-content-review.md"
"src/app/main.tsx","62","Urgent","SOURCE INVENTORY; current-context tested subset in product-content-review.md"
"src/app/main.tsx","62","3","SOURCE INVENTORY; current-context tested subset in product-content-review.md"
"src/app/main.tsx","62","High","SOURCE INVENTORY; current-context tested subset in product-content-review.md"
"src/app/main.tsx","62","1","SOURCE INVENTORY; current-context tested subset in product-content-review.md"
"src/app/main.tsx","62","Low","SOURCE INVENTORY; current-context tested subset in product-content-review.md"
"src/app/main.tsx","62","0","SOURCE INVENTORY; current-context tested subset in product-content-review.md"
"src/app/main.tsx","62","None","SOURCE INVENTORY; current-context tested subset in product-content-review.md"
"src/app/main.tsx","62","Planned start","SOURCE INVENTORY; current-context tested subset in product-content-review.md"
"src/app/main.tsx","62","start","SOURCE INVENTORY; current-context tested subset in product-content-review.md"
"src/app/main.tsx","62","date","SOURCE INVENTORY; current-context tested subset in product-content-review.md"
"src/app/main.tsx","62","Planned end","SOURCE INVENTORY; current-context tested subset in product-content-review.md"
"src/app/main.tsx","62","end","SOURCE INVENTORY; current-context tested subset in product-content-review.md"
"src/app/main.tsx","62","date","SOURCE INVENTORY; current-context tested subset in product-content-review.md"
"src/app/main.tsx","62","Acceptance criteria","SOURCE INVENTORY; current-context tested subset in product-content-review.md"
"src/app/main.tsx","62","One criterion per line. IDs are assigned when saved.","SOURCE INVENTORY; current-context tested subset in product-content-review.md"
"src/app/main.tsx","62","ac","SOURCE INVENTORY; current-context tested subset in product-content-review.md"
"src/app/main.tsx","62","primary","SOURCE INVENTORY; current-context tested subset in product-content-review.md"
"src/app/main.tsx","62","Create work item","SOURCE INVENTORY; current-context tested subset in product-content-review.md"
"src/app/main.tsx","65","Not available for implementation","SOURCE INVENTORY; current-context tested subset in product-content-review.md"
"src/app/main.tsx","65","Acceptance criteria missing","SOURCE INVENTORY; current-context tested subset in product-content-review.md"
"src/app/main.tsx","65","Approved contract required","SOURCE INVENTORY; current-context tested subset in product-content-review.md"
"src/app/main.tsx","65","Review changed context","SOURCE INVENTORY; current-context tested subset in product-content-review.md"
"src/app/main.tsx","65","Decision pending","SOURCE INVENTORY; current-context tested subset in product-content-review.md"
"src/app/main.tsx","65","Dependency not accepted","SOURCE INVENTORY; current-context tested subset in product-content-review.md"
"src/app/main.tsx","65","Already reserved","SOURCE INVENTORY; current-context tested subset in product-content-review.md"
"src/app/main.tsx","65","Prerequisite not met","SOURCE INVENTORY; current-context tested subset in product-content-review.md"
"src/app/main.tsx","66","a","SOURCE INVENTORY; current-context tested subset in product-content-review.md"
"src/app/main.tsx","67","root","SOURCE INVENTORY; current-context tested subset in product-content-review.md"
"src/components/Fields.tsx","1","react","SOURCE INVENTORY; current-context tested subset in product-content-review.md"
"src/components/Fields.tsx","3","`${id}-hint`","SOURCE INVENTORY; current-context tested subset in product-content-review.md"
"src/components/Fields.tsx","4","field","SOURCE INVENTORY; current-context tested subset in product-content-review.md"
"src/components/Fields.tsx","4","aria-describedby","SOURCE INVENTORY; current-context tested subset in product-content-review.md"
"src/components/Fields.tsx","4","aria-describedby","SOURCE INVENTORY; current-context tested subset in product-content-review.md"
"src/components/Fields.tsx","6","badge","SOURCE INVENTORY; current-context tested subset in product-content-review.md"
"src/components/Fields.tsx","7","empty","SOURCE INVENTORY; current-context tested subset in product-content-review.md"
"src/lib/firebase/client.ts","1","firebase/app","SOURCE INVENTORY; current-context tested subset in product-content-review.md"
"src/lib/firebase/client.ts","2","firebase/auth","SOURCE INVENTORY; current-context tested subset in product-content-review.md"
"src/lib/firebase/client.ts","3","localhost","SOURCE INVENTORY; current-context tested subset in product-content-review.md"
"src/lib/firebase/client.ts","3","127.0.0.1","SOURCE INVENTORY; current-context tested subset in product-content-review.md"
"src/lib/firebase/client.ts","3","This candidate is available locally only.","SOURCE INVENTORY; current-context tested subset in product-content-review.md"
"src/lib/firebase/client.ts","4","demo-hunpeolabs-workspace","SOURCE INVENTORY; current-context tested subset in product-content-review.md"
"src/lib/firebase/client.ts","4","synthetic-emulator-key","SOURCE INVENTORY; current-context tested subset in product-content-review.md"
"src/lib/firebase/client.ts","4","localhost","SOURCE INVENTORY; current-context tested subset in product-content-review.md"
"src/lib/firebase/client.ts","6","http://127.0.0.1:19099","SOURCE INVENTORY; current-context tested subset in product-content-review.md"
"src/lib/firebase/client.ts","8","Sign in again to continue.","SOURCE INVENTORY; current-context tested subset in product-content-review.md"
"src/lib/firebase/client.ts","8","This item is unavailable or you do not have access.","SOURCE INVENTORY; current-context tested subset in product-content-review.md"
"src/lib/firebase/client.ts","8","Check the fields and try again.","SOURCE INVENTORY; current-context tested subset in product-content-review.md"
"src/lib/firebase/client.ts","8","This item changed. Refresh before saving again.","SOURCE INVENTORY; current-context tested subset in product-content-review.md"
"src/lib/firebase/client.ts","8","Another authorized person must review this revision.","SOURCE INVENTORY; current-context tested subset in product-content-review.md"
"src/lib/firebase/client.ts","8","Approve the required contract and documents before continuing.","SOURCE INVENTORY; current-context tested subset in product-content-review.md"
"src/lib/firebase/client.ts","8","This work is reserved by another execution. Read its current state.","SOURCE INVENTORY; current-context tested subset in product-content-review.md"
"src/lib/firebase/client.ts","8","The approved context changed. Review the pinned revisions before continuing.","SOURCE INVENTORY; current-context tested subset in product-content-review.md"
"src/lib/firebase/client.ts","8","Each acceptance criterion needs passing evidence before acceptance.","SOURCE INVENTORY; current-context tested subset in product-content-review.md"
"src/lib/firebase/client.ts","8","The reservation expired. Revalidate and claim again.","SOURCE INVENTORY; current-context tested subset in product-content-review.md"
"src/lib/firebase/client.ts","8","Resolve the pending decision before continuing.","SOURCE INVENTORY; current-context tested subset in product-content-review.md"
"src/lib/firebase/client.ts","8","Too many requests. Wait a minute before trying again.","SOURCE INVENTORY; current-context tested subset in product-content-review.md"
"src/lib/firebase/client.ts","8","The local services are not available.","SOURCE INVENTORY; current-context tested subset in product-content-review.md"
"src/lib/firebase/client.ts","8","The service is unavailable. Your changes were not saved.","SOURCE INVENTORY; current-context tested subset in product-content-review.md"
"src/lib/firebase/client.ts","14","http://127.0.0.1:15001/demo-hunpeolabs-workspace/us-central1/api","SOURCE INVENTORY; current-context tested subset in product-content-review.md"
"src/lib/firebase/client.ts","14","POST","SOURCE INVENTORY; current-context tested subset in product-content-review.md"
"src/lib/firebase/client.ts","14","Content-Type","SOURCE INVENTORY; current-context tested subset in product-content-review.md"
"src/lib/firebase/client.ts","14","application/json","SOURCE INVENTORY; current-context tested subset in product-content-review.md"
"src/lib/firebase/client.ts","14","`Bearer ${token}`","SOURCE INVENTORY; current-context tested subset in product-content-review.md"
"src/lib/firebase/client.ts","15","The local service could not be reached. Check the connection and try again.","SOURCE INVENTORY; current-context tested subset in product-content-review.md"
"src/lib/firebase/client.ts","16","The action did not complete. Refresh and try again.","SOURCE INVENTORY; current-context tested subset in product-content-review.md"
"src/features/roadmap/PlaneRoadmap.tsx","1","react","SOURCE INVENTORY; current-context tested subset in product-content-review.md"
"src/features/roadmap/PlaneRoadmap.tsx","2","../../../vendor/plane-community/apps/web/core/components/base-layouts/gantt/layout","SOURCE INVENTORY; current-context tested subset in product-content-review.md"
"src/features/roadmap/PlaneRoadmap.tsx","3","../../lib/plane/timeline-context","SOURCE INVENTORY; current-context tested subset in product-content-review.md"
"src/features/roadmap/PlaneRoadmap.tsx","4","../../domain/view","SOURCE INVENTORY; current-context tested subset in product-content-review.md"
"src/features/roadmap/PlaneRoadmap.tsx","7","legend","SOURCE INVENTORY; current-context tested subset in product-content-review.md"
"src/features/roadmap/PlaneRoadmap.tsx","7","legend-baseline","SOURCE INVENTORY; current-context tested subset in product-content-review.md"
"src/features/roadmap/PlaneRoadmap.tsx","7","Baseline","SOURCE INVENTORY; current-context tested subset in product-content-review.md"
"src/features/roadmap/PlaneRoadmap.tsx","7","legend-plan","SOURCE INVENTORY; current-context tested subset in product-content-review.md"
"src/features/roadmap/PlaneRoadmap.tsx","7","Current plan","SOURCE INVENTORY; current-context tested subset in product-content-review.md"
"src/features/roadmap/PlaneRoadmap.tsx","7","legend-actual","SOURCE INVENTORY; current-context tested subset in product-content-review.md"
"src/features/roadmap/PlaneRoadmap.tsx","7","Human-accepted completion","SOURCE INVENTORY; current-context tested subset in product-content-review.md"
"src/features/roadmap/PlaneRoadmap.tsx","7","hint","SOURCE INVENTORY; current-context tested subset in product-content-review.md"
"src/features/roadmap/PlaneRoadmap.tsx","7","`Baseline published ${new Date(baseline.createdDate).toLocaleString()} · ${baseline.reason}`","SOURCE INVENTORY; current-context tested subset in product-content-review.md"
"src/features/roadmap/PlaneRoadmap.tsx","7","No baseline yet. Publish a commitment snapshot before comparing variance.","SOURCE INVENTORY; current-context tested subset in product-content-review.md"
"src/features/roadmap/PlaneRoadmap.tsx","8","project","SOURCE INVENTORY; current-context tested subset in product-content-review.md"
"src/features/roadmap/PlaneRoadmap.tsx","8","Project","SOURCE INVENTORY; current-context tested subset in product-content-review.md"
"src/features/roadmap/PlaneRoadmap.tsx","8","WORK ITEM","SOURCE INVENTORY; current-context tested subset in product-content-review.md"
"src/features/roadmap/PlaneRoadmap.tsx","9","text-button","SOURCE INVENTORY; current-context tested subset in product-content-review.md"
"src/features/roadmap/PlaneRoadmap.tsx","9","·","SOURCE INVENTORY; current-context tested subset in product-content-review.md"
"src/features/roadmap/PlaneRoadmap.tsx","9","·","SOURCE INVENTORY; current-context tested subset in product-content-review.md"
"src/features/roadmap/PlaneRoadmap.tsx","10","plan-bar","SOURCE INVENTORY; current-context tested subset in product-content-review.md"
"src/features/roadmap/PlaneRoadmap.tsx","10","`Open ${item.key}: current plan ${item.start} to ${item.end}`","SOURCE INVENTORY; current-context tested subset in product-content-review.md"
"src/features/roadmap/PlaneRoadmap.tsx","11","empty","SOURCE INVENTORY; current-context tested subset in product-content-review.md"
"src/features/roadmap/PlaneRoadmap.tsx","11","No work in this view. Create a work item to plan its dates.","SOURCE INVENTORY; current-context tested subset in product-content-review.md"
"src/features/roadmap/PlaneRoadmap.tsx","11","hint","SOURCE INVENTORY; current-context tested subset in product-content-review.md"
"src/features/roadmap/PlaneRoadmap.tsx","11","Dates use inclusive calendar days. Completion dates use UTC. Edit dates in the inspector. Baselines remain unchanged.","SOURCE INVENTORY; current-context tested subset in product-content-review.md"
"vendor/plane-community/apps/web/core/components/gantt-chart/chart/root.tsx","9","react","SOURCE INVENTORY; current-context tested subset in product-content-review.md"
"vendor/plane-community/apps/web/core/components/gantt-chart/chart/root.tsx","10","mobx-react","SOURCE INVENTORY; current-context tested subset in product-content-review.md"
"vendor/plane-community/apps/web/core/components/gantt-chart/chart/root.tsx","11","@plane/types","SOURCE INVENTORY; current-context tested subset in product-content-review.md"
"vendor/plane-community/apps/web/core/components/gantt-chart/chart/root.tsx","12","@hws/plane-adapter","SOURCE INVENTORY; current-context tested subset in product-content-review.md"
"vendor/plane-community/apps/web/core/components/gantt-chart/chart/root.tsx","13","../data","SOURCE INVENTORY; current-context tested subset in product-content-review.md"
"vendor/plane-community/apps/web/core/components/gantt-chart/chart/root.tsx","14","../views/week-view","SOURCE INVENTORY; current-context tested subset in product-content-review.md"
"vendor/plane-community/apps/web/core/components/gantt-chart/chart/root.tsx","15","../views/month-view","SOURCE INVENTORY; current-context tested subset in product-content-review.md"
"vendor/plane-community/apps/web/core/components/gantt-chart/chart/root.tsx","16","../views/quarter-view","SOURCE INVENTORY; current-context tested subset in product-content-review.md"
"vendor/plane-community/apps/web/core/components/gantt-chart/chart/root.tsx","17","../views/helpers","SOURCE INVENTORY; current-context tested subset in product-content-review.md"
"vendor/plane-community/apps/web/core/components/gantt-chart/chart/root.tsx","18","@plane/utils","SOURCE INVENTORY; current-context tested subset in product-content-review.md"
"vendor/plane-community/apps/web/core/components/gantt-chart/chart/root.tsx","19","@hws/plane-button","SOURCE INVENTORY; current-context tested subset in product-content-review.md"
"vendor/plane-community/apps/web/core/components/gantt-chart/chart/root.tsx","48","quarter","SOURCE INVENTORY; current-context tested subset in product-content-review.md"
"vendor/plane-community/apps/web/core/components/gantt-chart/chart/root.tsx","50","week","SOURCE INVENTORY; current-context tested subset in product-content-review.md"
"vendor/plane-community/apps/web/core/components/gantt-chart/chart/root.tsx","51",".roadmap-labels","SOURCE INVENTORY; current-context tested subset in product-content-review.md"
"vendor/plane-community/apps/web/core/components/gantt-chart/chart/root.tsx","52","toolbar","SOURCE INVENTORY; current-context tested subset in product-content-review.md"
"vendor/plane-community/apps/web/core/components/gantt-chart/chart/root.tsx","52","field","SOURCE INVENTORY; current-context tested subset in product-content-review.md"
"vendor/plane-community/apps/web/core/components/gantt-chart/chart/root.tsx","52","Timeline range","SOURCE INVENTORY; current-context tested subset in product-content-review.md"
"vendor/plane-community/apps/web/core/components/gantt-chart/chart/root.tsx","52","Timeline range","SOURCE INVENTORY; current-context tested subset in product-content-review.md"
"vendor/plane-community/apps/web/core/components/gantt-chart/chart/root.tsx","52","date","SOURCE INVENTORY; current-context tested subset in product-content-review.md"
"vendor/plane-community/apps/web/core/components/gantt-chart/chart/root.tsx","52","field","SOURCE INVENTORY; current-context tested subset in product-content-review.md"
"vendor/plane-community/apps/web/core/components/gantt-chart/chart/root.tsx","52","Zoom","SOURCE INVENTORY; current-context tested subset in product-content-review.md"
"vendor/plane-community/apps/web/core/components/gantt-chart/chart/root.tsx","52","Zoom","SOURCE INVENTORY; current-context tested subset in product-content-review.md"
"vendor/plane-community/apps/web/core/components/gantt-chart/chart/root.tsx","52","week","SOURCE INVENTORY; current-context tested subset in product-content-review.md"
"vendor/plane-community/apps/web/core/components/gantt-chart/chart/root.tsx","52","Week","SOURCE INVENTORY; current-context tested subset in product-content-review.md"
"vendor/plane-community/apps/web/core/components/gantt-chart/chart/root.tsx","52","month","SOURCE INVENTORY; current-context tested subset in product-content-review.md"
"vendor/plane-community/apps/web/core/components/gantt-chart/chart/root.tsx","52","Month","SOURCE INVENTORY; current-context tested subset in product-content-review.md"
"vendor/plane-community/apps/web/core/components/gantt-chart/chart/root.tsx","52","quarter","SOURCE INVENTORY; current-context tested subset in product-content-review.md"
"vendor/plane-community/apps/web/core/components/gantt-chart/chart/root.tsx","52","Quarter","SOURCE INVENTORY; current-context tested subset in product-content-review.md"
"vendor/plane-community/apps/web/core/components/gantt-chart/chart/root.tsx","52","plane-neutral","SOURCE INVENTORY; current-context tested subset in product-content-review.md"
"vendor/plane-community/apps/web/core/components/gantt-chart/chart/root.tsx","52","Today","SOURCE INVENTORY; current-context tested subset in product-content-review.md"
"vendor/plane-community/apps/web/core/components/gantt-chart/chart/root.tsx","53","roadmap-scroll","SOURCE INVENTORY; current-context tested subset in product-content-review.md"
"vendor/plane-community/apps/web/core/components/gantt-chart/chart/root.tsx","53","BaseGanttLayout","SOURCE INVENTORY; current-context tested subset in product-content-review.md"
"vendor/plane-community/apps/web/core/components/gantt-chart/chart/root.tsx","53","roadmap-grid","SOURCE INVENTORY; current-context tested subset in product-content-review.md"
"vendor/plane-community/apps/web/core/components/gantt-chart/chart/root.tsx","53","roadmap-labels","SOURCE INVENTORY; current-context tested subset in product-content-review.md"
"vendor/plane-community/apps/web/core/components/gantt-chart/chart/root.tsx","53","timeline-heading","SOURCE INVENTORY; current-context tested subset in product-content-review.md"
"vendor/plane-community/apps/web/core/components/gantt-chart/chart/root.tsx","53","timeline","SOURCE INVENTORY; current-context tested subset in product-content-review.md"
"vendor/plane-community/apps/web/core/components/gantt-chart/chart/root.tsx","53","timeline-heading","SOURCE INVENTORY; current-context tested subset in product-content-review.md"
"vendor/plane-community/apps/web/core/components/gantt-chart/chart/root.tsx","55","timeline-row","SOURCE INVENTORY; current-context tested subset in product-content-review.md"
"vendor/plane-community/apps/web/core/components/gantt-chart/chart/root.tsx","55","`${chart.data.dayWidth*7}px 100%`","SOURCE INVENTORY; current-context tested subset in product-content-review.md"
"vendor/plane-community/apps/web/core/components/gantt-chart/chart/root.tsx","55","baseline-bar","SOURCE INVENTORY; current-context tested subset in product-content-review.md"
"vendor/plane-community/apps/web/core/components/gantt-chart/chart/root.tsx","55","`Baseline ${base.start} to ${base.end}`","SOURCE INVENTORY; current-context tested subset in product-content-review.md"
"vendor/plane-community/apps/web/core/components/gantt-chart/chart/root.tsx","55","plane-block","SOURCE INVENTORY; current-context tested subset in product-content-review.md"
"vendor/plane-community/apps/web/core/components/gantt-chart/chart/root.tsx","55","unscheduled","SOURCE INVENTORY; current-context tested subset in product-content-review.md"
"vendor/plane-community/apps/web/core/components/gantt-chart/chart/root.tsx","55","Unscheduled","SOURCE INVENTORY; current-context tested subset in product-content-review.md"
"vendor/plane-community/apps/web/core/components/gantt-chart/chart/root.tsx","55","actual-marker","SOURCE INVENTORY; current-context tested subset in product-content-review.md"
"vendor/plane-community/apps/web/core/components/gantt-chart/chart/root.tsx","55","`Human-accepted completion ${new Date(item.completedAt).toISOString()}`","SOURCE INVENTORY; current-context tested subset in product-content-review.md"
"vendor/plane-community/apps/web/core/components/gantt-chart/chart/root.tsx","55","◆","SOURCE INVENTORY; current-context tested subset in product-content-review.md"
