source_sha,path,symbols,header_license,evidence,migration_status
5f7d92784c403f76284f0f16718f320221dc7fec,apps/api/plane/db/models/intake.py,"Intake,SourceType,IntakeIssueStatus,IntakeIssue",SPDX-License-Identifier: AGPL-3.0-only,metadata inventory; detailed source/runtime trace pending,UNASSESSED
5f7d92784c403f76284f0f16718f320221dc7fec,apps/api/plane/db/models/cycle.py,"Cycle,CycleIssue,CycleUserProperties",SPDX-License-Identifier: AGPL-3.0-only,metadata inventory; detailed source/runtime trace pending,UNASSESSED
5f7d92784c403f76284f0f16718f320221dc7fec,apps/api/plane/db/models/user.py,"BotTypeEnum,User,Profile,Account",SPDX-License-Identifier: AGPL-3.0-only,metadata inventory; detailed source/runtime trace pending,UNASSESSED
5f7d92784c403f76284f0f16718f320221dc7fec,apps/api/plane/db/models/description.py,"Description,DescriptionVersion",SPDX-License-Identifier: AGPL-3.0-only,metadata inventory; detailed source/runtime trace pending,UNASSESSED
5f7d92784c403f76284f0f16718f320221dc7fec,apps/api/plane/db/models/importer.py,Importer,SPDX-License-Identifier: AGPL-3.0-only,metadata inventory; detailed source/runtime trace pending,UNASSESSED
5f7d92784c403f76284f0f16718f320221dc7fec,apps/api/plane/db/models/asset.py,FileAsset,SPDX-License-Identifier: AGPL-3.0-only,metadata inventory; detailed source/runtime trace pending,UNASSESSED
5f7d92784c403f76284f0f16718f320221dc7fec,apps/api/plane/db/models/webhook.py,"Webhook,WebhookLog,ProjectWebhook",SPDX-License-Identifier: AGPL-3.0-only,metadata inventory; detailed source/runtime trace pending,UNASSESSED
5f7d92784c403f76284f0f16718f320221dc7fec,apps/api/plane/db/models/device.py,"Device,DeviceSession",SPDX-License-Identifier: AGPL-3.0-only,metadata inventory; detailed source/runtime trace pending,UNASSESSED
5f7d92784c403f76284f0f16718f320221dc7fec,apps/api/plane/db/models/notification.py,"Notification,UserNotificationPreference,EmailNotificationLog",SPDX-License-Identifier: AGPL-3.0-only,metadata inventory; detailed source/runtime trace pending,UNASSESSED
5f7d92784c403f76284f0f16718f320221dc7fec,apps/api/plane/db/models/exporter.py,ExporterHistory,SPDX-License-Identifier: AGPL-3.0-only,metadata inventory; detailed source/runtime trace pending,UNASSESSED
5f7d92784c403f76284f0f16718f320221dc7fec,apps/api/plane/db/models/session.py,"Session,SessionStore",SPDX-License-Identifier: AGPL-3.0-only,metadata inventory; detailed source/runtime trace pending,UNASSESSED
5f7d92784c403f76284f0f16718f320221dc7fec,apps/api/plane/db/models/__init__.py,,SPDX-License-Identifier: AGPL-3.0-only,metadata inventory; detailed source/runtime trace pending,UNASSESSED
5f7d92784c403f76284f0f16718f320221dc7fec,apps/api/plane/db/models/page.py,"Page,PageLog,PageLabel,ProjectPage,PageVersion",SPDX-License-Identifier: AGPL-3.0-only,metadata inventory; detailed source/runtime trace pending,UNASSESSED
5f7d92784c403f76284f0f16718f320221dc7fec,apps/api/plane/db/models/sticky.py,Sticky,SPDX-License-Identifier: AGPL-3.0-only,metadata inventory; detailed source/runtime trace pending,UNASSESSED
5f7d92784c403f76284f0f16718f320221dc7fec,apps/api/plane/db/models/recent_visit.py,"EntityNameEnum,UserRecentVisit",SPDX-License-Identifier: AGPL-3.0-only,metadata inventory; detailed source/runtime trace pending,UNASSESSED
5f7d92784c403f76284f0f16718f320221dc7fec,apps/api/plane/db/models/api.py,"APIToken,APIActivityLog",SPDX-License-Identifier: AGPL-3.0-only,metadata inventory; detailed source/runtime trace pending,UNASSESSED
5f7d92784c403f76284f0f16718f320221dc7fec,apps/api/plane/db/models/view.py,IssueView,SPDX-License-Identifier: AGPL-3.0-only,metadata inventory; detailed source/runtime trace pending,UNASSESSED
5f7d92784c403f76284f0f16718f320221dc7fec,apps/api/plane/db/models/favorite.py,UserFavorite,SPDX-License-Identifier: AGPL-3.0-only,metadata inventory; detailed source/runtime trace pending,UNASSESSED
5f7d92784c403f76284f0f16718f320221dc7fec,apps/api/plane/db/models/estimate.py,"EstimateType,Estimate,EstimatePoint",SPDX-License-Identifier: AGPL-3.0-only,metadata inventory; detailed source/runtime trace pending,UNASSESSED
5f7d92784c403f76284f0f16718f320221dc7fec,apps/api/plane/db/models/label.py,Label,SPDX-License-Identifier: AGPL-3.0-only,metadata inventory; detailed source/runtime trace pending,UNASSESSED
5f7d92784c403f76284f0f16718f320221dc7fec,apps/api/plane/db/models/issue_type.py,"IssueType,ProjectIssueType",SPDX-License-Identifier: AGPL-3.0-only,metadata inventory; detailed source/runtime trace pending,UNASSESSED
5f7d92784c403f76284f0f16718f320221dc7fec,apps/api/plane/db/models/module.py,"ModuleStatus,Module,ModuleMember,ModuleIssue,ModuleLink,ModuleUserProperties",SPDX-License-Identifier: AGPL-3.0-only,metadata inventory; detailed source/runtime trace pending,UNASSESSED
5f7d92784c403f76284f0f16718f320221dc7fec,apps/api/plane/db/models/workspace.py,"Workspace,WorkspaceBaseModel,WorkspaceMember,WorkspaceMemberInvite,Team,WorkspaceTheme,WorkspaceUserProperties,WorkspaceUserLink,WorkspaceHomePreference,WorkspaceUserPreference",SPDX-License-Identifier: AGPL-3.0-only,metadata inventory; detailed source/runtime trace pending,UNASSESSED
5f7d92784c403f76284f0f16718f320221dc7fec,apps/api/plane/db/models/issue.py,"IssueManager,Issue,IssueBlocker,IssueRelationChoices,IssueRelation,IssueMention,IssueAssignee,IssueLink,IssueAttachment,IssueActivity,IssueComment,IssueLabel,IssueSequence,IssueSubscriber,IssueReaction,CommentReaction,IssueVote,IssueVersion,IssueDescriptionVersion",SPDX-License-Identifier: AGPL-3.0-only,metadata inventory; detailed source/runtime trace pending,UNASSESSED
5f7d92784c403f76284f0f16718f320221dc7fec,apps/api/plane/db/models/analytic.py,AnalyticView,SPDX-License-Identifier: AGPL-3.0-only,metadata inventory; detailed source/runtime trace pending,UNASSESSED
5f7d92784c403f76284f0f16718f320221dc7fec,apps/api/plane/db/models/social_connection.py,SocialLoginConnection,SPDX-License-Identifier: AGPL-3.0-only,metadata inventory; detailed source/runtime trace pending,UNASSESSED
5f7d92784c403f76284f0f16718f320221dc7fec,apps/api/plane/db/models/deploy_board.py,DeployBoard,SPDX-License-Identifier: AGPL-3.0-only,metadata inventory; detailed source/runtime trace pending,UNASSESSED
5f7d92784c403f76284f0f16718f320221dc7fec,apps/api/plane/db/models/draft.py,"DraftIssue,DraftIssueAssignee,DraftIssueLabel,DraftIssueModule,DraftIssueCycle",SPDX-License-Identifier: AGPL-3.0-only,metadata inventory; detailed source/runtime trace pending,UNASSESSED
5f7d92784c403f76284f0f16718f320221dc7fec,apps/api/plane/db/models/base.py,BaseModel,SPDX-License-Identifier: AGPL-3.0-only,metadata inventory; detailed source/runtime trace pending,UNASSESSED
5f7d92784c403f76284f0f16718f320221dc7fec,apps/api/plane/db/models/project.py,"ROLE,ProjectNetwork,Project,ProjectBaseModel,ProjectMemberInvite,ProjectMember,ProjectIdentifier,ProjectDeployBoard,ProjectPublicMember,ProjectUserProperty",SPDX-License-Identifier: AGPL-3.0-only,metadata inventory; detailed source/runtime trace pending,UNASSESSED
5f7d92784c403f76284f0f16718f320221dc7fec,apps/api/plane/db/models/state.py,"StateGroup,StateManager,TriageStateManager,State",SPDX-License-Identifier: AGPL-3.0-only,metadata inventory; detailed source/runtime trace pending,UNASSESSED
5f7d92784c403f76284f0f16718f320221dc7fec,apps/api/plane/db/models/integration/__init__.py,,SPDX-License-Identifier: AGPL-3.0-only,metadata inventory; detailed source/runtime trace pending,UNASSESSED
5f7d92784c403f76284f0f16718f320221dc7fec,apps/api/plane/db/models/integration/github.py,"GithubRepository,GithubRepositorySync,GithubIssueSync,GithubCommentSync",SPDX-License-Identifier: AGPL-3.0-only,metadata inventory; detailed source/runtime trace pending,UNASSESSED
5f7d92784c403f76284f0f16718f320221dc7fec,apps/api/plane/db/models/integration/base.py,"Integration,WorkspaceIntegration",SPDX-License-Identifier: AGPL-3.0-only,metadata inventory; detailed source/runtime trace pending,UNASSESSED
5f7d92784c403f76284f0f16718f320221dc7fec,apps/api/plane/db/models/integration/slack.py,SlackProjectSync,SPDX-License-Identifier: AGPL-3.0-only,metadata inventory; detailed source/runtime trace pending,UNASSESSED
